year,statefp,countyfp,state,county,final_award_amount,total_co_staff,total_co_salary,total_bed_count,total_all_inmate_days,total_illegal_inmate_days,total_unknown_inmate_days,total_inmate_records,unique_inmate_records,ice_unknown_inmates,ice_eligible_inmates,ice_ineligible_inmates,type
2010,,,AK,Alaska Department of Corrections,116873.0,792.0,72270793.0,1356340.0,1290018.0,,,185.0,141.0,65.0,22.0,54.0,state
2010,,,AL,Alabama Department of Corrections,135708.0,2945.59,118042278.16,26351.0,9255182.0,,,218.0,218.0,173.0,33.0,12.0,state
2010,,,AL,County of Coffee,11275.0,24.87,732801.0700000001,146.0,53133.0,,,31.0,31.0,25.0,5.0,1.0,county
2010,,,AL,County of DeKalb,19134.0,40.64,1114542.98,269.0,72596.0,,,47.0,46.0,42.0,2.0,2.0,county
2010,,,AL,County of Montgomery,15714.0,142.08,5558018.36,630.0,229854.0,,,22.0,21.0,15.0,4.0,2.0,county
2010,,,AL,Marshall County Commission,2823.0,28.0,591367.0,197.0,85380.0,,,16.0,14.0,13.0,1.0,0.0,county
2010,,,AR,Arkansas Department of Correction,421249.0,3550.0,127689487.0,13867.0,4770010.0,,,363.0,360.0,251.0,71.0,38.0,state
2010,,,AR,County of Benton,68927.0,90.48,3107138.27,505.0,176351.0,,,279.0,226.0,153.0,41.0,32.0,county
2010,,,AR,County of Hempstead,2271.0,25.16,569372.53,100.0,32515.0,,,14.0,14.0,13.0,0.0,1.0,county
2010,,,AR,County of Pope,8263.0,45.62,1145133.85,177.0,64460.0,,,49.0,49.0,36.0,6.0,7.0,county
2010,,,AR,County of Pulaski,24192.0,220.0,7107130.0,979.0,357335.0,,,155.0,75.0,65.0,2.0,8.0,county
2010,,,AR,County of Sebastian,24779.0,50.9,1395519.77,394.0,143710.0,,,345.0,342.0,221.0,65.0,56.0,county
2010,,,AR,County of Washington,178674.0,171.0,5785982.05,710.0,184355.0,,,413.0,413.0,216.0,143.0,54.0,county
2010,,,AR,Department of Community Correction,27127.0,558.0,15876851.9,1615.0,544212.0,,,31.0,30.0,19.0,5.0,6.0,county
2010,,,AR,PERRY COUNTY,654.0,9.040000000000001,130953.98,18.0,6570.0,,,5.0,5.0,5.0,0.0,0.0,county
2010,,,AR,Polk County,1577.0,12.870000000000001,338186.0,26.0,7496.0,,,6.0,6.0,5.0,1.0,0.0,county
2010,,,AS,American Samoa,242297.0,39.0,677500.0,180.0,2436.0,,,34.0,34.0,33.0,0.0,1.0,county
2010,,,AZ,COUNTY OF COCHISE,468199.0,68.0,2262936.0,302.0,15476.0,,,277.0,272.0,183.0,70.0,19.0,county
2010,,,AZ,Coconino County Sheriff''s Office,27671.0,127.0458586,5028427.26,644.0,138790.0,,,46.0,44.0,32.0,9.0,3.0,county
2010,,,AZ,County of Apache,15594.0,21.400000000000002,725654.73,170.0,41606.0,,,50.0,49.0,26.0,22.0,1.0,county
2010,,,AZ,County of Graham,16721.0,23.66,1043922.35,160.0,48414.0,,,56.0,51.0,27.0,23.0,1.0,county
2010,,,AZ,County of Greenlee,314.0,20.43,691999.71,68.0,10923.0,,,3.0,3.0,2.0,0.0,1.0,county
2010,,,AZ,County of Navajo,47844.0,56.84,2054564.91,433.0,131436.0,,,178.0,161.0,112.0,42.0,7.0,county
2010,,,AZ,County of Pima,709628.0,482.7,22283880.0,2324.0,744235.0,,,1463.0,1301.0,788.0,405.0,108.0,county
2010,,,AZ,County of Yavapai,178483.0,179.34,7301809.53,787.0,164318.0,,,325.0,322.0,226.0,67.0,29.0,county
2010,,,AZ,Gila County,37408.0,58.519999999999996,2142946.77,185.0,58099.0,,,94.0,81.0,57.0,14.0,10.0,county
2010,,,AZ,Maricopa County,2819911.0,1686.0,62649296.59,11509.0,3494653.0,,,54779.0,8290.0,2683.0,5117.0,490.0,county
2010,,,AZ,Mohave County,29769.0,92.5,3249868.77,430.0,172376.0,,,67.0,67.0,37.0,25.0,5.0,county
2010,,,AZ,Pinal County,107290.0,290.0,14211999.0,1504.0,479705.0,,,147.0,147.0,91.0,47.0,9.0,county
2010,,,AZ,Santa Cruz County,103383.0,32.0,1820820.0,100.0,40049.0,,,238.0,224.0,107.0,75.0,42.0,county
2010,,,AZ,State of Arizona,9775269.0,8193.62,336160667.0,39461.0,14463490.0,,,7525.0,7520.0,2171.0,4783.0,566.0,state
2010,,,AZ,Yuma County,133551.0,183.0,6574190.0,756.0,221666.0,,,370.0,337.0,134.0,113.0,90.0,county
2010,,,CA,Alameda County,950068.0,798.9300000000001,72989701.07,4764.0,1597320.0,,,2866.0,2353.0,1498.0,475.0,380.0,county
2010,,,CA,COUNTY OF MONO,51042.0,17.42,1084582.0,36.0,13787.0,,,44.0,42.0,33.0,9.0,0.0,county
2010,,,CA,COUNTY OF STANISLAUS,196458.0,201.0,12211909.0,1396.0,514057.0,,,789.0,723.0,169.0,450.0,104.0,county
2010,,,CA,COUNTY OF VENTURA,905814.0,246.35,21148902.54,1981.0,644874.0,,,2408.0,2074.0,693.0,1183.0,198.0,county
2010,,,CA,COUNTY OF YUBA,105150.0,64.27,3361351.27,420.0,134858.0,,,667.0,626.0,199.0,209.0,218.0,county
2010,,,CA,City and County of San Francisco,754853.0,570.0,52476558.0,2360.0,717832.0,,,739.0,599.0,40.0,524.0,35.0,county
2010,,,CA,City of Anaheim,10219.0,24.0,1755903.0,126.0,40500.0,,,167.0,165.0,12.0,150.0,3.0,county
2010,,,CA,Colusa County,31506.0,15.0,672280.0,92.0,17325.0,,,80.0,73.0,60.0,10.0,3.0,county
2010,,,CA,Contra Costa COunty,597828.0,329.0,26972277.0,2055.0,564993.0,,,1491.0,1318.0,863.0,271.0,184.0,county
2010,,,CA,County of Amador,4580.0,24.0,1557011.0,76.0,37474.0,,,14.0,14.0,12.0,2.0,0.0,county
2010,,,CA,County of Butte,69321.0,100.0,4696579.0,614.0,175930.0,,,268.0,238.0,170.0,28.0,40.0,county
2010,,,CA,County of Calaveras,14646.0,18.580000000000002,1036546.36,75.0,27291.0,,,43.0,37.0,30.0,4.0,3.0,county
2010,,,CA,County of Fresno,816128.0,496.0,30049317.0,2940.0,1066404.0,,,5638.0,2043.0,1471.0,293.0,279.0,county
2010,,,CA,County of Humboldt,52812.0,100.0,7489537.0,475.0,124337.0,,,102.0,85.0,4.0,60.0,21.0,county
2010,,,CA,County of Kern,751400.0,485.0,31987796.0,2578.0,810205.0,,,21852.0,1995.0,1195.0,571.0,229.0,county
2010,,,CA,County of Lake,21609.0,56.0,2209663.0,286.0,81030.0,,,77.0,76.0,57.0,14.0,5.0,county
2010,,,CA,County of Madera,89921.0,94.0,4312385.0,408.0,148920.0,,,166.0,157.0,83.0,69.0,5.0,county
2010,,,CA,County of Mariposa,203.0,16.0,712554.0,58.0,18615.0,,,1.0,1.0,0.0,1.0,0.0,county
2010,,,CA,County of Mendocino,117927.0,60.0,6176367.0,306.0,107566.0,,,226.0,213.0,165.0,36.0,12.0,county
2010,,,CA,County of Merced,174115.0,108.0,6073235.0,753.0,272290.0,,,332.0,332.0,245.0,38.0,49.0,county
2010,,,CA,County of Monterey,776681.0,138.3,14661324.82,1064.0,388099.0,,,1995.0,1687.0,1326.0,252.0,109.0,county
2010,,,CA,County of Nevada,64330.0,75.64,4434169.96,264.0,75682.0,,,101.0,86.0,54.0,18.0,14.0,county
2010,,,CA,County of Orange,5287229.0,944.0,92452768.0,7031.0,2222850.0,,,10989.0,9723.0,6860.0,1597.0,1266.0,county
2010,,,CA,County of Placer,112378.0,102.94999999999999,7177962.17,632.0,192245.0,,,386.0,357.0,94.0,116.0,147.0,county
2010,,,CA,County of Plumas,7849.0,15.73,690546.1,67.0,16852.0,,,23.0,14.0,13.0,1.0,0.0,county
2010,,,CA,County of Riverside,806265.0,1110.0,67686424.0,3610.0,1270164.0,,,1482.0,1450.0,1175.0,172.0,103.0,county
2010,,,CA,County of Sacramento,1723019.0,697.1,54477561.0,5075.0,1673279.0,,,5788.0,4600.0,2727.0,627.0,1246.0,county
2010,,,CA,County of San Bernardino,1577422.0,875.3100000000001,58380868.0,6013.0,2074705.0,,,3975.0,3975.0,2838.0,737.0,400.0,county
2010,,,CA,County of San Diego,2218643.0,967.0,60639425.0,6379.0,1876359.0,,,7326.0,5921.0,4605.0,829.0,487.0,county
2010,,,CA,County of San Luis Obispo,175031.0,125.0,9673740.0,693.0,197035.0,,,377.0,342.0,164.0,93.0,85.0,county
2010,,,CA,County of San Mateo,1413857.0,301.63,29084217.0,1349.0,434220.0,,,1845.0,1841.0,611.0,727.0,503.0,county
2010,,,CA,County of Santa Clara,1591662.0,758.63,73507440.0,5400.0,1641675.0,,,2602.0,2451.0,1541.0,558.0,352.0,county
2010,,,CA,County of Shasta,53523.0,78.0,4661884.25,381.0,123735.0,,,170.0,153.0,107.0,20.0,26.0,county
2010,,,CA,County of Solano,340700.0,232.44,19797088.75,1084.0,357485.0,,,659.0,557.0,360.0,93.0,104.0,county
2010,,,CA,County of Sonoma,865420.0,237.3,18748994.0,1468.0,374161.0,,,6325.0,1242.0,441.0,620.0,181.0,county
2010,,,CA,County of Sutter,32984.0,56.0,2698418.0,352.0,118963.0,,,206.0,148.0,56.0,47.0,45.0,county
2010,,,CA,County of Tehama,55701.0,33.0,1829052.0,227.0,65213.0,,,193.0,181.0,147.0,24.0,10.0,county
2010,,,CA,County of Tulare,1300509.0,227.0,14257665.0,1707.0,526134.0,,,3886.0,3340.0,2927.0,192.0,221.0,county
2010,,,CA,County of Tuolumne,15585.0,35.22,1964999.01,148.0,53935.0,,,44.0,34.0,22.0,5.0,7.0,county
2010,,,CA,County of Yolo,150210.0,101.0,6059490.58,425.0,150380.0,,,325.0,291.0,213.0,37.0,41.0,county
2010,,,CA,El Dorado County,76388.0,102.0,10125439.0,469.0,120450.0,,,77.0,75.0,42.0,30.0,3.0,county
2010,,,CA,GLENN COUNTY,26769.0,24.0,1025927.0,148.0,34785.0,,,59.0,52.0,26.0,20.0,6.0,county
2010,,,CA,Imperial County,65467.0,102.0,4842301.77,724.0,227030.0,,,222.0,211.0,146.0,42.0,23.0,county
2010,,,CA,Inyo County,9098.0,30.0,1627953.0,100.0,30828.0,,,22.0,21.0,17.0,3.0,1.0,county
2010,,,CA,Kings County,74126.0,72.0,3339976.0,361.0,147739.0,,,305.0,284.0,229.0,31.0,24.0,county
2010,,,CA,Los Angeles County Sheriff's Department,14292913.0,4901.0,348373791.0,22477.0,7607452.0,,,29339.0,25404.0,16838.0,5191.0,3375.0,county
2010,,,CA,Marin County,339746.0,77.0,7047110.0,386.0,108311.0,,,1820.0,578.0,96.0,412.0,70.0,county
2010,,,CA,Napa County,309951.0,61.0,4888252.0,264.0,88935.0,,,708.0,630.0,468.0,113.0,49.0,county
2010,,,CA,SANTA CRUZ COUNTY,273529.0,126.0,8870118.0,830.0,187245.0,,,547.0,405.0,262.0,104.0,39.0,county
2010,,,CA,San Benito County,85445.0,27.6,1516574.62,142.0,45561.0,,,330.0,287.0,91.0,55.0,141.0,county
2010,,,CA,San Joaquin County,386499.0,379.2,29953326.48,1441.0,550240.0,,,2611.0,659.0,374.0,244.0,41.0,county
2010,,,CA,Santa Barbara County,576500.0,191.0,11632710.21,1093.0,460874.0,,,10641.0,1895.0,405.0,1121.0,369.0,county
2010,,,CA,Siskiyou County,4825.0,32.0,1514871.0,104.0,33573.0,,,12.0,12.0,7.0,5.0,0.0,county
2010,,,CA,State of California,88106548.0,32489.0,2592929279.0,171953.0,62762907.0,,,43176.0,39675.0,7411.0,24570.0,7694.0,state
2010,,,CO,COUNTY OF BENT,349.0,8.13,237715.12,55.0,9658.0,,,2.0,2.0,1.0,0.0,1.0,county
2010,,,CO,City and County of Denver,769680.0,714.0,42524158.48,2242.0,818138.0,,,1698.0,1667.0,1158.0,280.0,229.0,county
2010,,,CO,County of Adams,220386.0,227.66,11619383.18,1345.0,464276.0,,,466.0,420.0,279.0,109.0,32.0,county
2010,,,CO,County of Alamosa,9875.0,18.44,580687.41,82.0,22305.0,,,35.0,35.0,25.0,5.0,5.0,county
2010,,,CO,County of Arapahoe,296993.0,242.0,18079886.0,1192.0,451184.0,,,481.0,480.0,274.0,140.0,66.0,county
2010,,,CO,County of Boulder,155491.0,112.21000000000001,7422088.58,536.0,165565.0,,,215.0,192.0,124.0,48.0,20.0,county
2010,,,CO,County of Chaffee,2472.0,18.490000000000002,641139.77,105.0,26748.0,,,29.0,29.0,11.0,13.0,5.0,county
2010,,,CO,County of Delta,11253.0,28.0,960308.0,95.0,24126.5,,,43.0,42.0,24.0,9.0,9.0,county
2010,,,CO,County of Eagle,163968.0,29.0,1554652.0,72.0,25276.0,,,227.0,227.0,77.0,135.0,15.0,county
2010,,,CO,County of Gunnison,24363.0,12.36,529925.0700000001,42.0,10373.0,,,64.0,64.0,35.0,22.0,7.0,county
2010,,,CO,County of Larimer,128242.0,135.25,8680542.16,556.0,172482.0,,,273.0,232.0,159.0,38.0,35.0,county
2010,,,CO,County of Lincoln,9531.0,13.05,495419.17,38.0,8342.0,,,19.0,19.0,17.0,1.0,1.0,county
2010,,,CO,County of Montrose,72219.0,30.6,1398506.8599999999,192.0,54999.0,,,209.0,183.0,90.0,68.0,25.0,county
2010,,,CO,County of Morgan,44631.0,36.0,1044687.0,150.0,38309.0,,,131.0,123.0,74.0,34.0,15.0,county
2010,,,CO,County of Pitkin,31887.0,12.56,790832.0,32.0,4787.0,,,14.0,13.0,1.0,12.0,0.0,county
2010,,,CO,County of Pueblo,28407.0,133.48,5985885.76,528.0,192720.0,,,66.0,61.0,38.0,15.0,8.0,county
2010,,,CO,County of Routt,20959.0,21.82,1194571.63,60.0,11620.0,,,9.0,9.0,7.0,1.0,1.0,county
2010,,,CO,County of Sedgwick,7137.0,1.9100000000000001,57496.12,6.0,469.0,,,2.0,2.0,1.0,1.0,0.0,county
2010,,,CO,County of Teller,491.0,31.84,1136131.05,112.0,38642.0,,,3.0,3.0,1.0,2.0,0.0,county
2010,,,CO,County of Washington,2887.0,18.05,640510.58,190.0,38736.0,,,11.0,11.0,6.0,3.0,2.0,county
2010,,,CO,County of Weld,422675.0,159.1,8926003.52,619.0,208415.0,,,797.0,673.0,411.0,137.0,125.0,county
2010,,,CO,Douglas County Government,100104.0,104.82000000000001,6251354.2,465.0,118260.0,,,186.0,171.0,94.0,36.0,41.0,county
2010,,,CO,El Paso County,214693.0,264.87,14538437.28,1599.0,566684.0,,,675.0,669.0,397.0,180.0,92.0,county
2010,,,CO,Garfield County,174476.0,68.0,2949542.12,212.0,55508.0,,,217.0,216.0,69.0,133.0,14.0,county
2010,,,CO,Gilpin County,32083.0,18.0,1077928.0,75.0,11867.0,,,66.0,65.0,27.0,35.0,3.0,county
2010,,,CO,Jefferson County,201827.0,272.0,20910441.0,1326.0,458726.0,,,288.0,282.0,164.0,76.0,42.0,county
2010,,,CO,La Plata County,16491.0,44.84,2226284.23,283.0,55453.0,,,49.0,49.0,31.0,14.0,4.0,county
2010,,,CO,Mesa County,109602.0,107.0,6409026.12,459.0,156349.0,,,147.0,141.0,39.0,94.0,8.0,county
2010,,,CO,Moffat County,16178.0,26.0,1025088.94,101.0,32145.0,,,49.0,49.0,6.0,39.0,4.0,county
2010,,,CO,Montezuma County,10649.0,22.47,791367.78,113.0,41245.0,,,35.0,35.0,18.0,11.0,6.0,county
2010,,,CO,San Miguel County,7409.0,19.0,1049450.88,32.0,9308.0,,,13.0,13.0,7.0,6.0,0.0,county
2010,,,CO,State of Colorado,2916474.0,3566.0,176725965.56,23164.0,8470190.0,,,18257.0,2470.0,527.0,1570.0,373.0,state
2010,,,CO,Summit County Government,81743.0,21.0,1472895.62,91.0,22579.0,,,121.0,117.0,31.0,84.0,2.0,county
2010,,,CT,State of Connecticut Department of Correction,1378415.0,4670.0,318356022.0,19474.0,7009405.0,,,753.0,703.0,330.0,187.0,186.0,state
2010,,,DC,District of Columbia,426104.0,618.8100000000001,48392395.39,3825.0,1105975.0,,,730.0,514.0,339.0,93.0,82.0,state
2010,,,DE,State of Delaware,113086.0,1772.0,101171074.29,7011.0,2559044.0,,,44.0,43.0,27.0,9.0,7.0,state
2010,,,FL,Alachua County,45117.0,219.62,10174403.89,960.0,294024.0,,,1003.0,76.0,47.0,14.0,15.0,county
2010,,,FL,Broward County,291936.0,1410.0,96287490.0,5648.0,1898989.0,,,190.0,187.0,108.0,75.0,4.0,county
2010,,,FL,COUNTY OF GADSDEN,6537.0,21.71,870247.99,219.0,79935.0,,,76.0,56.0,43.0,10.0,3.0,county
2010,,,FL,COUNTY OF GILCHRIST,1485.0,11.540000000000001,404791.99,46.0,16494.0,,,8.0,8.0,7.0,1.0,0.0,county
2010,,,FL,COUNTY OF POLK,91802.0,383.25,17802401.37,2310.0,843150.0,,,332.0,327.0,249.0,39.0,39.0,county
2010,,,FL,Charlotte County,17356.0,150.0,6939407.39,608.0,195775.0,,,59.0,53.0,39.0,3.0,11.0,county
2010,,,FL,City of Jacksonville,65625.0,760.0,39926311.8,3137.0,1398902.0,,,251.0,230.0,45.0,89.0,96.0,county
2010,,,FL,Collier County,793761.0,309.62,15074660.07,1332.0,382497.0,,,1369.0,1252.0,236.0,799.0,217.0,county
2010,,,FL,County of Brevard,146425.0,317.26,15340228.55,1701.0,593560.0,,,660.0,508.0,306.0,92.0,110.0,county
2010,,,FL,County of Clay,23866.0,102.05000000000001,4091391.38,478.0,156335.0,,,90.0,88.0,71.0,5.0,12.0,county
2010,,,FL,County of Desoto,42131.0,32.25,1313182.59,206.0,74900.0,,,141.0,141.0,97.0,29.0,15.0,county
2010,,,FL,County of Hardee,34478.0,23.77,935697.5700000001,191.0,40946.0,,,164.0,146.0,117.0,18.0,11.0,county
2010,,,FL,County of Hillsborough,721286.0,1053.0,61360680.0,4190.0,1335083.0,,,1920.0,1785.0,1331.0,123.0,331.0,county
2010,,,FL,County of Lee,254529.0,396.0,16755076.0,2046.0,746925.0,,,881.0,820.0,595.0,100.0,125.0,county
2010,,,FL,County of Madison,9045.0,25.73,888858.16,120.0,24056.0,,,14.0,14.0,10.0,2.0,2.0,county
2010,,,FL,County of Martin,183823.0,141.0,8821894.22,696.0,224563.0,,,312.0,260.0,199.0,35.0,26.0,county
2010,,,FL,County of Nassau,4287.0,41.43,1636350.07,304.0,96739.0,,,39.0,38.0,27.0,5.0,6.0,county
2010,,,FL,County of Okeechobee,94526.0,71.55999999999999,2888661.51,259.0,94368.0,,,219.0,219.0,189.0,20.0,10.0,county
2010,,,FL,County of Sarasota,210709.0,288.09000000000003,15820857.56,1026.0,365000.0,,,366.0,337.0,211.0,52.0,74.0,county
2010,,,FL,County of Sumter,22490.0,52.67,2126310.92,242.0,88330.0,,,119.0,119.0,108.0,8.0,3.0,county
2010,,,FL,County of Suwannee,15255.0,30.580000000000002,1075759.16,235.0,62050.0,,,89.0,88.0,71.0,11.0,6.0,county
2010,,,FL,County of Taylor,1104.0,26.39,992764.66,184.0,40150.0,,,6.0,4.0,4.0,0.0,0.0,county
2010,,,FL,County of Volusia,82838.0,274.05,13856155.06,1494.0,496035.0,,,395.0,299.0,201.0,35.0,63.0,county
2010,,,FL,County of Washington,2340.0,23.18,699823.81,180.0,51069.0,,,39.0,23.0,21.0,0.0,2.0,county
2010,,,FL,Hendry County,18737.0,28.0,1135436.51,213.0,94047.0,,,128.0,117.0,81.0,21.0,15.0,county
2010,,,FL,Highlands County,44874.0,77.0,3951310.54,524.0,152622.0,,,198.0,195.0,143.0,33.0,19.0,county
2010,,,FL,Lake County,82739.0,196.0,9582884.0,960.0,368650.0,,,350.0,328.0,232.0,63.0,33.0,county
2010,,,FL,Leon County,40051.0,214.8,9791676.93,1426.0,386655.0,,,148.0,128.0,69.0,36.0,23.0,county
2010,,,FL,Manatee County Board of County Commissioners,220449.0,192.92000000000002,11265861.14,1780.0,446328.0,,,540.0,527.0,317.0,156.0,54.0,county
2010,,,FL,Marion County Board of County Commissioners,61889.0,217.0,9826499.0,2164.0,621106.0,,,333.0,290.0,163.0,87.0,40.0,county
2010,,,FL,Miami  Dade County,141433.0,2079.0,125405280.0,5845.0,2385001.0,,,228.0,223.0,82.0,99.0,42.0,county
2010,,,FL,Okaloosa County,28939.0,123.86,5388401.05,594.0,204072.0,,,61.0,59.0,35.0,24.0,0.0,county
2010,,,FL,Orange County,219291.0,972.0,41731376.0,4105.0,1534930.0,,,520.0,503.0,292.0,92.0,119.0,county
2010,,,FL,Osceola County,31888.0,116.0,5715101.0,873.0,416889.0,,,246.0,209.0,117.0,37.0,55.0,county
2010,,,FL,Palm Beach County Sheriff's Office,498984.0,686.0,43078998.0,3246.0,1030971.0,,,1052.0,990.0,541.0,236.0,213.0,county
2010,,,FL,Pasco County,94091.0,292.0,15254329.23,1432.0,404836.0,,,235.0,208.0,81.0,60.0,67.0,county
2010,,,FL,Pinellas County,232124.0,1032.0,52257422.0,4804.0,1439401.0,,,670.0,587.0,255.0,143.0,189.0,county
2010,,,FL,Putnam County,5595.0,59.0,1889766.3,231.0,102752.0,,,31.0,29.0,21.0,7.0,1.0,county
2010,,,FL,Seminole County,105937.0,195.04,10884077.96,943.0,343841.0,,,451.0,445.0,281.0,68.0,96.0,county
2010,,,FL,St  Lucie County,178676.0,242.0,12871767.62,1370.0,502970.0,,,454.0,453.0,298.0,89.0,66.0,county
2010,,,FL,State of Florida,13842030.0,19297.0,944419384.0,106679.0,36342898.0,,,8642.0,8321.0,1496.0,5355.0,1470.0,state
2010,,,FL,county of indian river,144874.0,176.66,8486474.87,667.0,197596.0,,,282.0,273.0,176.0,46.0,51.0,county
2010,,,GA,Augusta Richmond County,3134.0,222.0,7731174.0,937.0,377525.0,,,21.0,18.0,17.0,1.0,0.0,county
2010,,,GA,Carroll County,11288.0,84.49,2636834.09,645.0,196645.0,,,140.0,55.0,46.0,6.0,3.0,county
2010,,,GA,City of Roswell,38944.0,32.0,1181286.0,63.0,19316.0,,,151.0,125.0,103.0,19.0,3.0,county
2010,,,GA,Cobb County,136600.0,280.0,13045965.77,2559.0,905159.0,,,507.0,391.0,64.0,313.0,14.0,county
2010,,,GA,County Of Clarke,51798.0,76.10000000000001,3469450.27,368.0,134320.0,,,166.0,142.0,98.0,28.0,16.0,county
2010,,,GA,County Of Monroe,11947.0,32.36,1517112.37,168.0,46720.0,,,36.0,36.0,28.0,3.0,5.0,county
2010,,,GA,County Of Newton,14642.0,91.86999999999999,3889331.92,612.0,223043.0,,,66.0,58.0,39.0,3.0,16.0,county
2010,,,GA,County of Chatham,53852.0,270.1,11263753.34,1969.0,718658.0,,,191.0,173.0,151.0,6.0,16.0,county
2010,,,GA,County of Cherokee,110190.0,133.0,4911426.0,600.0,224993.0,,,295.0,286.0,233.0,37.0,16.0,county
2010,,,GA,County of Clayton,117838.0,202.84,10183563.52,1920.0,678679.0,,,637.0,538.0,412.0,44.0,82.0,county
2010,,,GA,County of Crisp,763.0,19.61,625719.63,179.0,57160.0,,,4.0,4.0,4.0,0.0,0.0,county
2010,,,GA,County of Douglas,28503.0,115.41,5016366.57,810.0,266230.0,,,154.0,138.0,102.0,11.0,25.0,county
2010,,,GA,County of Floyd,42337.0,221.85,8076695.95,1040.0,379267.0,,,141.0,128.0,93.0,21.0,14.0,county
2010,,,GA,County of Gilmer,7168.0,32.39,1035987.47,138.0,36865.0,,,15.0,15.0,12.0,2.0,1.0,county
2010,,,GA,County of Greene,4402.0,23.84,861966.16,120.0,27010.0,,,11.0,11.0,11.0,0.0,0.0,county
2010,,,GA,County of Henry,54018.0,163.68,6612808.72,907.0,249956.0,,,176.0,153.0,122.0,7.0,24.0,county
2010,,,GA,County of Houston,37491.0,122.0,4739844.0,507.0,180564.0,,,165.0,165.0,147.0,9.0,9.0,county
2010,,,GA,County of Lumpkin,1035.0,22.38,721667.8,152.0,27010.0,,,10.0,9.0,6.0,0.0,3.0,county
2010,,,GA,County of Muscogee,54503.0,201.36,7699934.15,1195.0,436160.0,,,230.0,190.0,161.0,3.0,26.0,county
2010,,,GA,Coweta County,33711.0,83.04,3832222.88,350.0,125816.0,,,96.0,96.0,82.0,9.0,5.0,county
2010,,,GA,DeKalb County Georgia,247976.0,388.46000000000004,17913393.67,3732.0,1186285.0,,,2300.0,1227.0,830.0,180.0,217.0,county
2010,,,GA,Forsyth County Government,56298.0,60.0,3169112.71,134.0,77745.0,,,130.0,129.0,119.0,9.0,1.0,county
2010,,,GA,Fulton County  Sheriff Office,10643.0,789.0,31188363.89,2300.0,1012000.0,,,29.0,29.0,12.0,17.0,0.0,county
2010,,,GA,Georgia Criminal Justice Coordinating Council,1797114.0,8611.0,269412823.0,59527.0,21771155.0,,,2332.0,2323.0,1085.0,1072.0,166.0,state
2010,,,GA,Gwinnett County Board of Commissioners,139048.0,488.0,20858401.15,3565.0,1224985.0,,,255.0,247.0,120.0,102.0,25.0,county
2010,,,GA,HABERSHAM,4076.0,39.0,986120.0,144.0,23613.0,,,6.0,6.0,5.0,1.0,0.0,county
2010,,,GA,Hall County,155248.0,186.0,7515405.3,1270.0,448585.0,,,1177.0,1167.0,332.0,794.0,41.0,county
2010,,,GA,Lee County Board Of Commissoners,1560.0,19.48,654555.98,112.0,24478.0,,,4.0,4.0,3.0,0.0,1.0,county
2010,,,GA,Lowndes County Board of Commissioners,24663.0,90.0,2932534.0,800.0,260202.0,,,196.0,194.0,172.0,11.0,11.0,county
2010,,,GA,Pickens County,5374.0,27.55,940587.5800000001,154.0,32120.0,,,54.0,13.0,13.0,0.0,0.0,county
2010,,,GA,Walton County,11819.0,60.9,2198113.93,432.0,153300.0,,,53.0,51.0,35.0,6.0,10.0,county
2010,,,GU,Government of Guam,600235.0,171.0,9418125.97,552.0,219342.0,,,810.0,747.0,516.0,99.0,132.0,county
2010,,,HI,State of Hawaii,387457.0,1739.22,69283112.04,5996.0,2026480.0,,,693.0,414.0,211.0,75.0,128.0,state
2010,,,IA,County of Black Hawk,19589.0,67.28,3274129.04,272.0,92262.0,,,64.0,58.0,27.0,16.0,15.0,county
2010,,,IA,County of Mahaska,9680.0,14.54,515882.06,51.0,8760.0,,,14.0,14.0,12.0,0.0,2.0,county
2010,,,IA,County of Scott,11396.0,80.72,3843623.7800000003,363.0,97523.0,,,42.0,41.0,22.0,5.0,14.0,county
2010,,,IA,County of Story,3947.0,32.57,1489600.92,104.0,33176.0,,,26.0,23.0,10.0,5.0,8.0,county
2010,,,IA,Crawford County,10709.0,5.21,143503.0,38.0,4937.0,,,26.0,26.0,7.0,19.0,0.0,county
2010,,,IA,Jefferson County,4890.0,16.22,501954.47000000003,39.0,6212.0,,,6.0,6.0,3.0,2.0,1.0,county
2010,,,IA,Johnson County,30139.0,36.6,1846075.62,92.0,31652.0,,,97.0,89.0,51.0,14.0,24.0,county
2010,,,IA,State of Iowa,480876.0,1699.0,129816965.0,8400.0,3179920.0,,,236.0,220.0,45.0,110.0,65.0,state
2010,,,IA,The County of Davis,338.0,7.13,236958.24,10.0,2653.0,,,2.0,2.0,1.0,0.0,1.0,county
2010,,,IA,Woodbury County,50783.0,65.0,2519595.0,274.0,50202.0,,,405.0,197.0,94.0,58.0,45.0,county
2010,,,ID,Bingham County,5873.0,19.56,777089.37,109.0,39455.0,,,34.0,33.0,20.0,10.0,3.0,county
2010,,,ID,Bonneville County,36789.0,72.0,2948702.0,344.0,104736.0,,,92.0,91.0,42.0,48.0,1.0,county
2010,,,ID,Canyon County,78009.0,124.0,4431335.0,574.0,131079.0,,,161.0,155.0,137.0,16.0,2.0,county
2010,,,ID,Cassia County,35127.0,26.0,931878.0,172.0,57792.0,,,131.0,131.0,68.0,61.0,2.0,county
2010,,,ID,County Of Twin Falls,40814.0,35.28,1666441.12,224.0,74963.0,,,215.0,204.0,37.0,136.0,31.0,county
2010,,,ID,County of Ada,71160.0,163.0,8268094.0,1048.0,319528.0,,,196.0,145.0,74.0,45.0,26.0,county
2010,,,ID,County of Bannock,5256.0,56.17,2063283.25,272.0,78105.0,,,34.0,34.0,21.0,10.0,3.0,county
2010,,,ID,County of Blaine,38427.0,16.54,730957.81,88.0,14985.0,,,87.0,82.0,28.0,44.0,10.0,county
2010,,,ID,County of Elmore,8095.0,27.39,797889.89,127.0,31603.0,,,30.0,30.0,15.0,8.0,7.0,county
2010,,,ID,County of Gooding,7581.0,16.85,502174.53,51.0,14065.0,,,37.0,37.0,24.0,11.0,2.0,county
2010,,,ID,County of Jerome,1802.0,13.0,344758.99,64.0,23256.0,,,10.0,10.0,5.0,2.0,3.0,county
2010,,,ID,County of Owyhee,2700.0,4.71,165711.73,40.0,5132.0,,,7.0,7.0,6.0,0.0,1.0,county
2010,,,ID,County of Power,4339.0,6.46,201495.15,24.0,6803.0,,,22.0,22.0,8.0,9.0,5.0,county
2010,,,ID,Idaho Department of Correction,338103.0,996.0,34583162.0,7291.0,2323621.0,,,413.0,394.0,243.0,115.0,36.0,state
2010,,,ID,Jefferson County,6771.0,17.31,578529.06,134.0,24580.0,,,23.0,21.0,10.0,7.0,4.0,county
2010,,,ID,Madison County,1797.0,35.17,1239116.49,100.0,29109.0,,,12.0,12.0,5.0,6.0,1.0,county
2010,,,IL,Champaign County,24887.0,75.37,4048755.63,313.0,105432.0,,,98.0,87.0,69.0,3.0,15.0,county
2010,,,IL,County of Bureau,9117.0,13.08,470332.73,32.0,10152.0,,,20.0,18.0,15.0,3.0,0.0,county
2010,,,IL,County of Cook,3382266.0,3124.33,191361833.39,10103.0,3177487.0,,,5628.0,4437.0,3607.0,343.0,487.0,county
2010,,,IL,County of Henry,7526.0,28.85,1088007.85,132.0,39733.0,,,23.0,23.0,12.0,7.0,4.0,county
2010,,,IL,County of Kane,463514.0,120.63,8609419.32,648.0,227706.0,,,1147.0,1091.0,714.0,276.0,101.0,county
2010,,,IL,County of Kendall,10755.0,50.33,2713639.0,203.0,48759.0,,,23.0,20.0,15.0,2.0,3.0,county
2010,,,IL,County of LaSalle,15217.0,51.5,2604622.0,306.0,94897.0,,,37.0,37.0,29.0,2.0,6.0,county
2010,,,IL,County of Lake,295344.0,198.0,11558453.0,740.0,228233.0,,,363.0,344.0,99.0,225.0,20.0,county
2010,,,IL,County of McHenry,163531.0,191.0,11053512.0,650.0,197333.0,,,194.0,189.0,69.0,101.0,19.0,county
2010,,,IL,County of McLean,12438.0,55.7,2685976.19,265.0,96678.0,,,38.0,31.0,26.0,2.0,3.0,county
2010,,,IL,County of Ogle,6058.0,21.12,1234353.02,110.0,30411.0,,,18.0,17.0,17.0,0.0,0.0,county
2010,,,IL,County of Peoria,14482.0,87.0,3908815.0,495.0,180604.0,,,48.0,40.0,32.0,4.0,4.0,county
2010,,,IL,County of Rock Island,26622.0,61.33,2712592.2800000003,322.0,117316.0,,,126.0,122.0,76.0,29.0,17.0,county
2010,,,IL,County of Sangamon,3395.0,72.89,3756981.84,342.0,124670.0,,,16.0,15.0,13.0,0.0,2.0,county
2010,,,IL,County of Tazewell,7690.0,44.230000000000004,2333141.95,226.0,45752.0,,,15.0,15.0,10.0,3.0,2.0,county
2010,,,IL,County of Will,124241.0,201.0,10704473.0,912.0,274051.0,,,282.0,254.0,191.0,27.0,36.0,county
2010,,,IL,County of Williamson,1699.0,26.240000000000002,1031151.03,112.0,40146.0,,,8.0,6.0,6.0,0.0,0.0,county
2010,,,IL,Dekalb County,8059.0,29.55,1487517.53,89.0,45632.0,,,33.0,33.0,31.0,1.0,1.0,county
2010,,,IL,DuPage County,336462.0,217.0,14258717.95,988.0,305826.0,,,650.0,604.0,458.0,82.0,64.0,county
2010,,,IL,Illinois Department of Corrections,5357246.0,7949.0,496490088.0,46781.0,16626115.0,,,4515.0,4440.0,2530.0,1315.0,595.0,state
2010,,,IL,Iroquois County,5260.0,9.69,407026.96,33.0,8352.0,,,9.0,8.0,7.0,0.0,1.0,county
2010,,,IL,Jo Daviess County,1012.0,9.24,457099.08,26.0,6348.0,,,6.0,5.0,2.0,1.0,2.0,county
2010,,,IL,Macon County,13303.0,79.14,3407416.84,267.0,87686.0,,,29.0,21.0,16.0,3.0,2.0,county
2010,,,IL,Winnebago County,79157.0,225.62,10138883.61,1212.0,388071.0,,,269.0,231.0,194.0,10.0,27.0,county
2010,,,IN,County of Allen,21158.0,163.41,5297873.4,1290.0,289445.0,,,145.0,144.0,100.0,21.0,23.0,county
2010,,,IN,County of Cass,8789.0,30.97,734945.9400000001,213.0,52834.0,,,62.0,57.0,37.0,8.0,12.0,county
2010,,,IN,County of Grant,5837.0,42.63,1271620.52,274.0,97936.0,,,64.0,52.0,43.0,6.0,3.0,county
2010,,,IN,County of Hendricks,9600.0,38.02,1461177.87,275.0,100114.0,,,57.0,57.0,39.0,12.0,6.0,county
2010,,,IN,County of Porter,3279.0,64.0,2107610.0,454.0,150733.0,,,26.0,25.0,16.0,6.0,3.0,county
2010,,,IN,Hamilton County,31364.0,81.0,3303223.1,358.0,126838.0,,,150.0,127.0,97.0,13.0,17.0,county
2010,,,IN,Indiana Department of Correction,934472.0,5118.0,160195959.0,27073.0,9355315.0,,,910.0,910.0,650.0,220.0,40.0,state
2010,,,IN,Johnson County Indiana,6496.0,44.33,1333891.38,317.0,110576.0,,,35.0,28.0,19.0,7.0,2.0,county
2010,,,IN,Marion County,108193.0,640.0,22563116.0,2616.0,1033225.0,,,578.0,504.0,420.0,45.0,39.0,county
2010,,,IN,Noble County,4419.0,31.86,1006402.03,227.0,69806.0,,,43.0,37.0,31.0,3.0,3.0,county
2010,,,KS,County of Butler,512.0,59.42,1784806.4,230.0,80123.0,,,7.0,6.0,2.0,3.0,1.0,county
2010,,,KS,County of Montgomery,2153.0,26.669999999999998,691921.35,115.0,41639.0,,,15.0,8.0,5.0,2.0,1.0,county
2010,,,KS,County of Saline,16607.0,47.0,1515126.01,192.0,65762.0,,,78.0,74.0,40.0,25.0,9.0,county
2010,,,KS,County of Sedgwick,111387.0,320.0,11540138.7,1315.0,479572.0,,,402.0,400.0,271.0,80.0,49.0,county
2010,,,KS,Johnson County Kansas,338653.0,320.21,20017154.23,747.0,272645.0,,,282.0,282.0,147.0,101.0,34.0,county
2010,,,KS,Shawnee County,76160.0,180.0,8116042.0,757.0,64613.0,,,88.0,88.0,58.0,12.0,18.0,county
2010,,,KS,State of Kansas,390042.0,2001.0,64308371.0,8749.0,3092645.0,,,1166.0,415.0,223.0,134.0,58.0,state
2010,,,KS,Unified Government of Wyandotte County,101845.0,124.0,5051332.0,539.0,196735.0,,,254.0,234.0,152.0,73.0,9.0,county
2010,,,KY,County of Kenton,1045.0,79.0,2646772.63,395.0,182708.0,,,23.0,23.0,22.0,1.0,0.0,county
2010,,,KY,Daviess County Fiscal Court,5072.0,79.0,2177506.0,695.0,239492.0,,,36.0,36.0,27.0,9.0,0.0,county
2010,,,KY,Kentucky Department of Corrections,91054.0,2601.0,62635493.0,21473.0,7837766.0,,,207.0,206.0,130.0,56.0,20.0,state
2010,,,KY,Lexington Fayette Urban County Government,143243.0,341.0,11462520.0,1280.0,449315.0,,,670.0,670.0,591.0,72.0,7.0,county
2010,,,KY,Louisville Metro Government,66950.0,393.05,16844754.61,1912.0,697632.0,,,255.0,194.0,153.0,14.0,27.0,county
2010,,,KY,Marion County Fisical Court,4046.0,60.0,1366508.45,297.0,109872.0,,,31.0,31.0,30.0,1.0,0.0,county
2010,,,KY,Monroe County Fiscal Court,1059.0,18.0,150051.91,19.0,8994.0,,,17.0,17.0,16.0,1.0,0.0,county
2010,,,KY,NELSON COUNTY,3958.0,24.0,654865.0,102.0,50103.0,,,31.0,31.0,29.0,2.0,0.0,county
2010,,,KY,SHELBY COUNTY,31152.0,36.0,1209465.43,312.0,80120.0,,,194.0,193.0,175.0,14.0,4.0,county
2010,,,LA,Bossier Parish,16901.0,220.0,7150536.95,1385.0,413795.0,,,81.0,77.0,69.0,8.0,0.0,county
2010,,,LA,Department of Public Safety and Corrections,88456.0,3882.6,149011716.36,38785.0,14156525.0,,,281.0,179.0,112.0,21.0,46.0,state
2010,,,LA,Lafourche Parish Sheriff's Office,2793.0,69.0,1987965.0,377.0,92785.0,,,8.0,8.0,5.0,3.0,0.0,county
2010,,,LA,Parish of Claiborne,385.0,53.72,1372289.93,655.0,207056.0,,,94.0,1.0,0.0,1.0,0.0,county
2010,,,LA,Parish of Jefferson,4711.0,295.39,10787660.14,984.0,359082.0,,,40.0,10.0,2.0,4.0,4.0,county
2010,,,LA,Parish of Lincoln,6252.0,26.54,711508.06,114.0,41268.0,,,23.0,21.0,17.0,3.0,1.0,county
2010,,,LA,Parish of Union,64.0,47.46,1158622.93,380.0,124465.0,,,1.0,1.0,1.0,0.0,0.0,county
2010,,,MA,Barnstable County,31285.0,221.0,11784811.6,588.0,144886.0,,,43.0,37.0,15.0,16.0,6.0,county
2010,,,MA,Bristol County Sheriff's Ofice,133985.0,438.0,19269701.0,1510.0,510121.0,,,824.0,292.0,148.0,48.0,96.0,county
2010,,,MA,Commonwealth of MA- Sheriffs Department Essex,320574.0,494.0,31030285.0,1600.0,581827.0,,,478.0,402.0,192.0,128.0,82.0,county
2010,,,MA,County of Suffolk,686939.0,874.0,46922852.0,2968.0,917604.0,,,913.0,610.0,253.0,188.0,169.0,county
2010,,,MA,Hampden County,196249.0,553.0,28562954.0,1875.0,684375.0,,,471.0,243.0,127.0,41.0,75.0,county
2010,,,MA,Massachusetts Department of Correction,4257629.0,3669.0,246045760.71,12418.0,4229255.0,,,5137.0,1127.0,162.0,735.0,230.0,state
2010,,,MA,Middlesex Sheriff's Office,621171.0,800.0,41844740.39,1656.0,346533.0,,,294.0,294.0,144.0,64.0,86.0,county
2010,,,MA,Norfolk County Sheriff's Office,127682.0,222.0,13784806.0,670.0,244550.0,,,77.0,69.0,34.0,29.0,6.0,county
2010,,,MA,Plymouth County Sheriff's Department,284735.0,358.0,20854555.0,1600.0,505160.0,,,342.0,293.0,140.0,59.0,94.0,county
2010,,,MD,"Baltimore County, Maryland",125050.0,358.0,17977472.08,1527.0,510905.0,,,256.0,214.0,121.0,38.0,55.0,county
2010,,,MD,COUNTY OF ANNE ARUNDEL,157881.0,261.81,16054789.01,1175.0,404907.0,,,349.0,265.0,150.0,64.0,51.0,county
2010,,,MD,Charles County Government,3993.0,136.0,8087056.66,531.0,140617.0,,,4.0,4.0,3.0,0.0,1.0,county
2010,,,MD,County of Carroll,14517.0,93.0,4857400.0,287.0,100740.0,,,18.0,17.0,11.0,5.0,1.0,county
2010,,,MD,County of Howard,92528.0,118.87,6597334.5,371.0,104065.0,,,100.0,96.0,48.0,28.0,20.0,county
2010,,,MD,County of Washington,15730.0,100.22,4668966.33,458.0,151475.0,,,42.0,38.0,24.0,3.0,11.0,county
2010,,,MD,Frederick County,64091.0,132.88,7973688.98,527.0,164914.0,,,123.0,122.0,54.0,42.0,26.0,county
2010,,,MD,Garrett County Commissioners,1648.0,21.89,902311.86,67.0,20684.0,,,4.0,3.0,3.0,0.0,0.0,county
2010,,,MD,Montgomery County,1575426.0,343.0,25603654.0,1229.0,332482.0,,,1667.0,1663.0,960.0,348.0,355.0,county
2010,,,MD,"Prince Georges County, Maryland",177216.0,451.0,31657018.06,1632.0,559833.0,,,264.0,203.0,125.0,46.0,32.0,county
2010,,,MD,St. Marys County Government,1253.0,76.0,6803902.0,245.0,116046.0,,,7.0,7.0,5.0,2.0,0.0,county
2010,,,MD,State of Maryland,1762225.0,5883.0,349752832.0,22512.0,8216880.0,,,767.0,742.0,339.0,291.0,112.0,state
2010,,,ME,County of Lincoln,881.0,14.780000000000001,546192.99,37.0,13323.0,,,6.0,5.0,2.0,0.0,3.0,county
2010,,,ME,County of Piscataquis,500.0,19.46,638800.15,36.0,9949.0,,,2.0,2.0,1.0,1.0,0.0,county
2010,,,ME,County of York,14755.0,98.0,4184006.0,266.0,83582.0,,,45.0,34.0,22.0,0.0,12.0,county
2010,,,ME,Cumberland County,178057.0,192.0,8484222.0,465.0,176338.0,,,597.0,383.0,164.0,171.0,48.0,county
2010,,,ME,State of Maine,115616.0,598.0,27581166.0,2340.0,827820.0,,,87.0,84.0,14.0,31.0,39.0,state
2010,,,MI,Allegan County,13541.0,34.81,1651383.77,173.0,59398.0,,,38.0,37.0,24.0,12.0,1.0,county
2010,,,MI,COUNTY OF GRATIOT,2252.0,14.85,682106.47,70.0,21787.0,,,11.0,11.0,9.0,1.0,1.0,county
2010,,,MI,County of Berrien,15594.0,67.55,3655141.09,368.0,134109.0,,,144.0,66.0,40.0,11.0,15.0,county
2010,,,MI,County of Branch,5734.0,22.0,732434.27,139.0,46343.0,,,40.0,39.0,28.0,6.0,5.0,county
2010,,,MI,County of Calhoun,19196.0,115.0,8078085.79,600.0,192519.0,,,26.0,26.0,9.0,12.0,5.0,county
2010,,,MI,County of Cass,2349.0,22.78,859562.5,129.0,46756.0,,,15.0,13.0,7.0,3.0,3.0,county
2010,,,MI,County of Eaton,2594.0,43.980000000000004,2308952.46,374.0,61856.0,,,17.0,17.0,13.0,1.0,3.0,county
2010,,,MI,County of Genesee,13935.0,168.11,9024777.75,604.0,220416.0,,,75.0,25.0,18.0,4.0,3.0,county
2010,,,MI,County of Ionia,7332.0,29.0,1057583.9,132.0,42890.0,,,30.0,30.0,20.0,6.0,4.0,county
2010,,,MI,County of Jackson,7279.0,54.0,2774890.49,430.0,155400.0,,,70.0,31.0,18.0,7.0,6.0,county
2010,,,MI,County of Kalamazoo,17720.0,81.32000000000001,5133435.49,327.0,117869.0,,,57.0,43.0,25.0,10.0,8.0,county
2010,,,MI,County of Kent,115033.0,239.96,16859615.42,1478.0,465319.0,,,312.0,266.0,128.0,70.0,68.0,county
2010,,,MI,County of Lapeer,6864.0,30.080000000000002,1503476.75,123.0,42042.0,,,27.0,25.0,15.0,1.0,9.0,county
2010,,,MI,County of Lenawee,4254.0,32.57,1644188.6400000001,287.0,87965.0,,,35.0,24.0,15.0,4.0,5.0,county
2010,,,MI,County of Macomb,44120.0,229.0,14877063.76,1438.0,486128.0,,,192.0,160.0,74.0,35.0,51.0,county
2010,,,MI,County of Midland,1040.0,21.79,1140515.94,105.0,38325.0,,,4.0,3.0,2.0,0.0,1.0,county
2010,,,MI,County of Monroe,1124.0,74.25,4268585.72,343.0,121934.0,,,14.0,14.0,9.0,0.0,5.0,county
2010,,,MI,County of Muskegon,4011.0,50.76,2820115.92,431.0,156974.0,,,23.0,19.0,10.0,8.0,1.0,county
2010,,,MI,County of Newaygo,4064.0,33.0,1181428.77,212.0,72515.0,,,30.0,24.0,18.0,5.0,1.0,county
2010,,,MI,County of Oakland,66187.0,449.0,23868512.0,1768.0,637290.0,,,130.0,120.0,64.0,28.0,28.0,county
2010,,,MI,County of Ottawa,35339.0,76.38,3613089.3200000003,462.0,130869.0,,,195.0,165.0,90.0,26.0,49.0,county
2010,,,MI,County of Saginaw,7548.0,73.10000000000001,3331049.0,513.0,190259.0,,,26.0,23.0,16.0,2.0,5.0,county
2010,,,MI,County of Shiawassee,556.0,21.0,1053202.25,163.0,58574.0,,,3.0,3.0,2.0,0.0,1.0,county
2010,,,MI,County of St Clair,2007.0,92.0,4880172.13,478.0,153180.0,,,11.0,11.0,8.0,1.0,2.0,county
2010,,,MI,County of Tuscola,1127.0,19.21,821624.06,83.0,30295.0,,,3.0,3.0,2.0,0.0,1.0,county
2010,,,MI,County of Van Buren,14478.0,24.9,1156435.44,158.0,50370.0,,,49.0,43.0,32.0,7.0,4.0,county
2010,,,MI,County of Wayne,120024.0,859.1,50582249.38,2677.0,961045.0,,,231.0,228.0,124.0,29.0,75.0,county
2010,,,MI,County of Wexford,3126.0,12.29,457685.0,40.0,14600.0,,,10.0,9.0,5.0,1.0,3.0,county
2010,,,MI,Grand Traverse County,1010.0,41.0,2032594.0,194.0,50857.0,,,7.0,7.0,4.0,0.0,3.0,county
2010,,,MI,Ingham County,5945.0,99.0,5587742.93,665.0,242725.0,,,25.0,20.0,12.0,2.0,6.0,county
2010,,,MI,Livingston County,11765.0,53.97,3333269.49,254.0,90520.0,,,38.0,31.0,20.0,1.0,10.0,county
2010,,,MI,Sanilac County,443.0,21.23,853125.18,119.0,36257.0,,,7.0,6.0,4.0,1.0,1.0,county
2010,,,MI,St Joseph County,4504.0,31.0,1061717.88,165.0,52469.0,,,39.0,34.0,31.0,3.0,0.0,county
2010,,,MI,State of Michigan,1083180.0,9978.0,569124364.42,51815.0,17766974.0,,,632.0,632.0,334.0,173.0,125.0,state
2010,,,MN,Chippewa County,3773.0,9.12,368808.56,17.0,3509.0,,,8.0,8.0,8.0,0.0,0.0,county
2010,,,MN,County Of Blue Earth,9768.0,27.33,1093348.09,150.0,27387.0,,,46.0,43.0,14.0,6.0,23.0,county
2010,,,MN,County of Benton,2930.0,32.019999999999996,1539969.0,102.0,30974.0,,,21.0,11.0,6.0,1.0,4.0,county
2010,,,MN,County of Chisago,4115.0,28.24,1270589.78,67.0,22915.0,,,19.0,13.0,6.0,1.0,6.0,county
2010,,,MN,County of Dakota,50136.0,63.65,3536867.18,269.0,97843.0,,,243.0,213.0,115.0,22.0,76.0,county
2010,,,MN,County of Freeborn,12467.0,30.060000000000002,1378418.97,136.0,21699.0,,,29.0,29.0,16.0,10.0,3.0,county
2010,,,MN,County of Goodhue,15838.0,44.18,2227117.44,170.0,34049.0,,,25.0,24.0,13.0,7.0,4.0,county
2010,,,MN,County of McLeod,11597.0,17.17,785015.22,35.0,11091.0,,,24.0,24.0,15.0,3.0,6.0,county
2010,,,MN,County of Ramsey,176317.0,197.33,13972418.31,1056.0,332356.0,,,805.0,696.0,345.0,106.0,245.0,county
2010,,,MN,County of Scott,40001.0,58.29,3258186.79,264.0,60150.0,,,149.0,149.0,74.0,20.0,55.0,county
2010,,,MN,County of Stearns,53256.0,82.12,4031468.5,167.0,58262.0,,,152.0,152.0,74.0,23.0,55.0,county
2010,,,MN,County of Steele,15430.0,40.69,1907165.3,160.0,34520.0,,,38.0,35.0,20.0,7.0,8.0,county
2010,,,MN,County of Wright,21425.0,45.34,2054689.31,176.0,36891.0,,,43.0,43.0,23.0,8.0,12.0,county
2010,,,MN,County of Yellow Medicine,2808.0,13.790000000000001,546195.8200000001,40.0,12805.0,,,15.0,15.0,6.0,8.0,1.0,county
2010,,,MN,Hennepin County,225784.0,341.7,20156862.0,1234.0,401167.0,,,784.0,611.0,245.0,162.0,204.0,county
2010,,,MN,Kandiyohi County,4415.0,55.0,2541038.0,190.0,55261.0,,,16.0,11.0,4.0,4.0,3.0,county
2010,,,MN,Olmsted County,142030.0,85.03,4162105.04,202.0,60130.0,,,362.0,260.0,117.0,53.0,90.0,county
2010,,,MN,State of Minnesota,867778.0,2249.0,80613292.86,8319.0,3421899.0,,,732.0,705.0,130.0,392.0,183.0,state
2010,,,MN,Todd County Detention Center,10809.0,20.0,797997.36,52.0,10327.0,,,17.0,15.0,5.0,4.0,6.0,county
2010,,,MN,Washington County,15999.0,77.83,3849073.8200000003,228.0,75501.0,,,121.0,99.0,46.0,14.0,39.0,county
2010,,,MN,Watonwan County,9690.0,7.0,310125.42,20.0,4885.04,,,10.0,8.0,2.0,5.0,1.0,county
2010,,,MO,County of Pettis,5886.0,26.16,623551.55,210.0,44808.0,,,74.0,55.0,42.0,2.0,11.0,county
2010,,,MO,County of Phelps,4825.0,29.77,856943.61,155.0,40329.0,,,22.0,19.0,14.0,2.0,3.0,county
2010,,,MO,County of Pike,1664.0,13.35,294313.24,50.0,15004.0,,,4.0,4.0,2.0,1.0,1.0,county
2010,,,MO,County of Platte,8079.0,27.68,1073130.4,154.0,32941.0,,,42.0,37.0,19.0,11.0,7.0,county
2010,,,MO,County of St Charles,26764.0,124.92,5507151.82,480.0,133982.0,,,59.0,59.0,41.0,5.0,13.0,county
2010,,,MO,Missouri Department of Corrections,418327.0,5854.0,172744600.0,31143.0,11142061.0,,,708.0,669.0,464.0,92.0,113.0,state
2010,,,MO,St. Louis County,8206.0,247.0,7919812.8,1232.0,451530.0,,,45.0,43.0,25.0,3.0,15.0,county
2010,,,MS,DeSoto County,19645.0,81.0,1804529.0,397.0,157680.0,,,123.0,115.0,105.0,9.0,1.0,county
2010,,,MS,Harrison County,40116.0,223.0,9826435.16,1160.0,387941.0,,,236.0,183.0,146.0,31.0,6.0,county
2010,,,MS,State Of Mississippi,16644.0,1866.0,55439468.0,23984.0,8278904.0,,,64.0,61.0,49.0,2.0,10.0,state
2010,,,MT,County of Yellowstone,1539.0,63.32,2537028.26,289.0,105485.0,,,23.0,18.0,12.0,0.0,6.0,county
2010,,,MT,Montana Department of Corrections,26092.0,461.0,16469846.0,1584.0,578160.0,,,14.0,14.0,10.0,2.0,2.0,state
2010,,,NC,Alamance County,18075.0,130.0,4637010.0,476.0,193578.0,,,83.0,68.0,48.0,11.0,9.0,county
2010,,,NC,Alleghany County,9743.0,13.0,275615.0,69.0,15607.0,,,32.0,30.0,29.0,0.0,1.0,county
2010,,,NC,Ashe County,2817.0,13.0,334873.0,17.0,10810.0,,,12.0,12.0,12.0,0.0,0.0,county
2010,,,NC,Avery County,3859.0,11.5,322515.0,19.0,6001.0,,,8.0,8.0,6.0,2.0,0.0,county
2010,,,NC,Beaufort County,6576.0,21.0,614470.0,85.0,31174.0,,,27.0,26.0,23.0,2.0,1.0,county
2010,,,NC,Bladen County,10658.0,16.0,478749.0,81.0,34640.0,,,71.0,59.0,51.0,4.0,4.0,county
2010,,,NC,Brunswick County,32890.0,115.0,3372125.3,449.0,120139.0,,,89.0,74.0,66.0,4.0,4.0,county
2010,,,NC,Burke County,14791.0,38.0,1150585.0,143.0,51992.0,,,60.0,43.0,30.0,10.0,3.0,county
2010,,,NC,Carteret County,10336.0,39.0,916308.0,114.0,46719.0,,,42.0,38.0,29.0,3.0,6.0,county
2010,,,NC,Cleveland County,4809.0,42.0,1342399.0,172.0,73967.0,,,26.0,20.0,16.0,3.0,1.0,county
2010,,,NC,County of Buncombe,65000.0,150.0,5642982.0,410.0,149969.0,,,211.0,177.0,127.0,33.0,17.0,county
2010,,,NC,County of Catawba,23103.0,95.57000000000001,3109642.95,340.0,101074.0,,,62.0,62.0,49.0,9.0,4.0,county
2010,,,NC,County of Chatham,6018.0,16.64,504351.65,51.0,16809.0,,,43.0,20.0,15.0,5.0,0.0,county
2010,,,NC,County of Columbus,9860.0,39.089999999999996,1094700.0,192.0,55646.0,,,32.0,27.0,23.0,3.0,1.0,county
2010,,,NC,County of Cumberland,77244.0,187.0,7048860.0,541.0,196750.0,,,281.0,162.0,121.0,15.0,26.0,county
2010,,,NC,County of Duplin,16042.0,16.41,591181.4400000001,134.0,48902.0,,,101.0,94.0,76.0,15.0,3.0,county
2010,,,NC,County of Durham,124193.0,214.0,8980665.0,736.0,218220.0,,,274.0,231.0,178.0,34.0,19.0,county
2010,,,NC,County of Guilford,154412.0,270.0,12376391.0,808.0,335282.0,,,321.0,277.0,169.0,53.0,55.0,county
2010,,,NC,County of Henderson,54961.0,49.21,1946546.1400000001,254.0,55432.0,,,215.0,211.0,106.0,100.0,5.0,county
2010,,,NC,County of Jackson,18820.0,22.87,730867.51,67.0,18816.0,,,40.0,39.0,37.0,2.0,0.0,county
2010,,,NC,County of Johnston,53713.0,55.0,1671950.0,191.0,75806.0,,,243.0,243.0,126.0,102.0,15.0,county
2010,,,NC,County of Lenoir,9123.0,30.87,941466.1900000001,135.0,49219.0,,,31.0,26.0,21.0,4.0,1.0,county
2010,,,NC,County of Randolph,59225.0,60.32,2161282.05,221.0,80510.0,,,147.0,128.0,101.0,21.0,6.0,county
2010,,,NC,County of Robeson,14890.0,75.0,2463439.0,410.0,154626.0,,,64.0,63.0,54.0,6.0,3.0,county
2010,,,NC,County of Surry,26184.0,40.0,1020790.49,149.0,40665.0,,,77.0,70.0,64.0,5.0,1.0,county
2010,,,NC,County of Union,67788.0,84.0,2934128.0,264.0,91991.0,,,90.0,90.0,42.0,43.0,5.0,county
2010,,,NC,County of Washington,2541.0,12.23,295811.17,42.0,13557.0,,,8.0,8.0,8.0,0.0,0.0,county
2010,,,NC,Davidson County,26699.0,41.26,1579970.26,298.0,101872.0,,,170.0,160.0,126.0,16.0,18.0,county
2010,,,NC,Davie County,19546.0,26.0,844477.0,72.0,17742.0,,,31.0,29.0,27.0,1.0,1.0,county
2010,,,NC,Forsyth County,316129.0,295.0,15541260.52,1081.0,317065.0,,,338.0,329.0,268.0,49.0,12.0,county
2010,,,NC,Gaston County,15135.0,159.0,6189806.0,584.0,179125.0,,,65.0,63.0,44.0,13.0,6.0,county
2010,,,NC,Granville County,10670.0,25.0,749376.0,87.0,29766.0,,,29.0,27.0,22.0,5.0,0.0,county
2010,,,NC,Harnett County,4564.0,41.0,1380107.0,85.0,53975.0,,,20.0,19.0,12.0,4.0,3.0,county
2010,,,NC,Iredell County,59180.0,112.0,3273788.0,279.0,110096.0,,,109.0,99.0,71.0,16.0,12.0,county
2010,,,NC,Lee County,19735.0,24.35,794350.21,126.0,45360.0,,,81.0,73.0,57.0,11.0,5.0,county
2010,,,NC,Lincoln County,17433.0,40.0,1306480.0,168.0,45381.0,,,36.0,36.0,31.0,5.0,0.0,county
2010,,,NC,McDowell County,2761.0,22.0,583221.0,131.0,32515.0,,,20.0,15.0,10.0,3.0,2.0,county
2010,,,NC,Mecklenburg County,659851.0,1097.0,44761648.0,2668.0,905807.0,,,1117.0,1037.0,745.0,192.0,100.0,county
2010,,,NC,Montgomery County,5216.0,27.0,375405.45,106.0,19964.0,,,17.0,16.0,15.0,1.0,0.0,county
2010,,,NC,Moore County,18496.0,40.0,1326773.0,110.0,40377.0,,,48.0,45.0,35.0,7.0,3.0,county
2010,,,NC,Nash County,24268.0,52.0,1796973.0,280.0,92763.0,,,63.0,58.0,47.0,6.0,5.0,county
2010,,,NC,New Hanover County,92930.0,180.0,7645813.0,672.0,186415.0,,,214.0,212.0,148.0,51.0,13.0,county
2010,,,NC,Orange County,24933.0,50.550000000000004,1994736.22,177.0,64479.0,,,93.0,86.0,70.0,9.0,7.0,county
2010,,,NC,Rowan County,20906.0,46.0,1721599.0,162.0,106451.0,,,60.0,59.0,15.0,44.0,0.0,county
2010,,,NC,Rutherford County,1186.0,38.0,1163795.0,205.0,74480.0,,,15.0,14.0,9.0,1.0,4.0,county
2010,,,NC,Sampson County,26375.0,63.0,1489772.0,252.0,100785.0,,,110.0,99.0,88.0,7.0,4.0,county
2010,,,NC,State of North Carolina,4515838.0,12651.0,385059200.0,42595.0,14664215.0,,,2931.0,2914.0,422.0,2200.0,292.0,state
2010,,,NC,Stokes County,3601.0,34.0,665439.0,68.0,29809.0,,,12.0,12.0,9.0,0.0,3.0,county
2010,,,NC,Transylvania County,3786.0,16.38,513286.44,114.0,14009.0,,,205.0,11.0,7.0,2.0,2.0,county
2010,,,NC,Tyrrell County,4597.0,3.0,88000.0,0.0,1736.0,,,4.0,4.0,4.0,0.0,0.0,county
2010,,,NC,Wake County,871290.0,355.0,19523374.0,1312.0,497582.0,,,1975.0,1852.0,1323.0,420.0,109.0,county
2010,,,NC,Watauga County,25541.0,27.0,904731.0,106.0,28317.0,,,35.0,31.0,27.0,1.0,3.0,county
2010,,,NC,Wayne County,24389.0,60.65,1802998.5899999999,227.0,82497.0,,,319.0,73.0,62.0,6.0,5.0,county
2010,,,NC,Wilkes County,11453.0,31.0,968456.0,91.0,27635.0,,,27.0,27.0,19.0,6.0,2.0,county
2010,,,NC,Wilson County,18571.0,53.0,1987548.0,296.0,70530.0,,,74.0,47.0,38.0,5.0,4.0,county
2010,,,ND,County of Cass,20397.0,75.56,3698755.15,348.0,66425.0,,,79.0,62.0,29.0,5.0,28.0,county
2010,,,ND,State of North Dakota,15760.0,334.0,10850116.68,1451.0,529615.0,,,15.0,15.0,3.0,9.0,3.0,state
2010,,,NE,COUNTY OF GAGE,1663.0,11.13,313519.0,26.0,8950.0,,,7.0,7.0,4.0,2.0,1.0,county
2010,,,NE,County of Buffalo,6917.0,23.76,796749.4500000001,96.0,35033.0,,,37.0,33.0,13.0,10.0,10.0,county
2010,,,NE,County of Hall,76772.0,78.85000000000001,2982576.58,300.0,66164.0,,,261.0,236.0,94.0,74.0,68.0,county
2010,,,NE,County of Phelps,3519.0,16.92,448324.54000000004,51.0,15097.0,,,7.0,7.0,5.0,2.0,0.0,county
2010,,,NE,County of Platte,24180.0,37.26,1259553.9,137.0,43071.0,,,77.0,69.0,33.0,24.0,12.0,county
2010,,,NE,County of Sarpy,63766.0,51.25,3163829.69,151.0,54926.0,,,138.0,138.0,75.0,30.0,33.0,county
2010,,,NE,Dakota County,28863.0,33.85,1074342.88,164.0,46999.0,,,143.0,129.0,65.0,27.0,37.0,county
2010,,,NE,Dawson County,21504.0,20.27,757005.0,126.0,28775.0,,,238.0,192.0,60.0,75.0,57.0,county
2010,,,NE,Douglas County,320546.0,325.0,16458620.0,1428.0,427627.0,,,968.0,859.0,309.0,365.0,185.0,county
2010,,,NE,Lancaster County,67382.0,109.25999999999999,5091809.7,470.0,171260.0,,,323.0,250.0,145.0,20.0,85.0,county
2010,,,NE,Lincoln County,1224.0,17.92,631248.17,72.0,22572.0,,,7.0,7.0,6.0,1.0,0.0,county
2010,,,NE,Saline County,7528.0,25.73,765802.93,89.0,29450.0,,,38.0,33.0,21.0,9.0,3.0,county
2010,,,NE,State of Nebraska,297977.0,955.0,31103629.05,4418.0,1612570.0,,,338.0,338.0,167.0,115.0,56.0,state
2010,,,NE,county of thurston,1449.0,9.33,200629.79,25.0,6508.0,,,3.0,3.0,3.0,0.0,0.0,county
2010,,,NH,County of Merrimack,11273.0,116.0,5172350.0,237.0,65940.0,,,13.0,13.0,8.0,3.0,2.0,county
2010,,,NH,Grafton County,3016.0,41.0,1459122.0,108.0,37159.0,,,6.0,6.0,3.0,2.0,1.0,county
2010,,,NH,Hillsborough County,48849.0,137.0,5553332.0,721.0,219738.0,,,125.0,121.0,57.0,36.0,28.0,county
2010,,,NH,State of New Hampshire,160619.0,534.0,25598978.04,3324.0,1006498.0,,,93.0,90.0,42.0,34.0,14.0,state
2010,,,NJ,Bergen County,1437603.0,327.0,28470607.0,1239.0,337260.0,,,1202.0,1180.0,201.0,796.0,183.0,county
2010,,,NJ,Burlington County,131376.0,261.0,15010590.0,625.0,225134.0,,,268.0,196.0,101.0,51.0,44.0,county
2010,,,NJ,COUNTY OF WARREN,36407.0,73.31,4059825.24,189.0,55656.0,,,37.0,37.0,18.0,9.0,10.0,county
2010,,,NJ,Camden County,125044.0,333.0,21349646.0,1297.0,729351.0,,,282.0,281.0,151.0,73.0,57.0,county
2010,,,NJ,Cape May County,146303.0,88.0,5061796.73,298.0,105360.0,,,61.0,61.0,31.0,23.0,7.0,county
2010,,,NJ,County  of  Sussex,27065.0,80.82,5572248.52,188.0,64514.0,,,18.0,18.0,11.0,1.0,6.0,county
2010,,,NJ,County Of Monmouth,1110749.0,376.0,33797506.49,1328.0,423534.0,,,1000.0,929.0,393.0,425.0,111.0,county
2010,,,NJ,County of Atlantic,84027.0,222.0,9560884.48,1114.0,352327.0,,,303.0,303.0,185.0,45.0,73.0,county
2010,,,NJ,County of Essex,1282690.0,614.0,49774589.24,2434.0,1294728.0,,,2850.0,2809.0,1645.0,799.0,365.0,county
2010,,,NJ,County of Gloucester,53851.0,134.69,9911921.06,420.0,153300.0,,,62.0,62.0,48.0,9.0,5.0,county
2010,,,NJ,County of Hudson,1405942.0,527.0,33785078.0,2140.0,687660.0,,,1856.0,1851.0,1162.0,504.0,185.0,county
2010,,,NJ,Cumberland County,96096.0,167.0,6879137.0,550.0,241029.0,,,274.0,272.0,183.0,69.0,20.0,county
2010,,,NJ,Hunterdon County,38965.0,41.0,1599463.0,158.0,40260.0,,,40.0,40.0,12.0,22.0,6.0,county
2010,,,NJ,Middlesex County,205104.0,240.0,17104256.0,1554.0,440008.0,,,251.0,221.0,110.0,63.0,48.0,county
2010,,,NJ,Morris County,295004.0,159.0,11761176.52,525.0,125577.0,,,172.0,171.0,113.0,29.0,29.0,county
2010,,,NJ,PASSAIC COUNTY,590481.0,332.0,32169284.76,2200.0,613167.0,,,897.0,811.0,444.0,174.0,193.0,county
2010,,,NJ,SOMERSET COUNTY,226279.0,118.0,8876486.0,439.0,115117.0,,,122.0,122.0,27.0,66.0,29.0,county
2010,,,NJ,State of New Jersey,4990601.0,6742.0,452402577.0,25664.0,9531778.0,,,2183.0,2157.0,254.0,1245.0,658.0,state
2010,,,NJ,Union County,466592.0,308.0,21153114.25,1140.0,390699.0,,,615.0,606.0,385.0,94.0,127.0,county
2010,,,NM,Bernalillo County,330775.0,339.74,17384853.97,2612.0,955992.0,,,1466.0,1291.0,968.0,229.0,94.0,county
2010,,,NM,County of Otero,10244.0,49.050000000000004,1523547.19,241.0,87845.0,,,68.0,54.0,43.0,4.0,7.0,county
2010,,,NM,County of Rio Arriba,10056.0,34.300000000000004,1191009.86,140.0,37595.0,,,36.0,36.0,31.0,1.0,4.0,county
2010,,,NM,County of Roosevelt,146.0,21.94,635075.11,144.0,30819.0,,,17.0,4.0,3.0,1.0,0.0,county
2010,,,NM,County of Taos,3927.0,9.06,296781.29,24.0,7300.0,,,6.0,6.0,6.0,0.0,0.0,county
2010,,,NM,County of Valencia,9478.0,39.6,1068360.51,174.0,54754.0,,,64.0,40.0,33.0,3.0,4.0,county
2010,,,NM,Eddy County,19790.0,94.0,3101843.67,232.0,85189.0,,,54.0,45.0,37.0,4.0,4.0,county
2010,,,NM,Luna County,683.0,70.0,2425645.0,410.0,140928.0,,,10.0,10.0,9.0,0.0,1.0,county
2010,,,NM,McKinley County,1451.0,51.620000000000005,1406856.49,325.0,118420.0,,,256.0,6.0,3.0,1.0,2.0,county
2010,,,NM,Quay County,7580.0,20.87,542415.56,80.0,13228.0,,,23.0,23.0,16.0,4.0,3.0,county
2010,,,NM,San Juan County Govenment,2888.0,104.0,4177654.0,1044.0,260306.0,,,15.0,15.0,11.0,4.0,0.0,county
2010,,,NM,Santa Fe County,81703.0,101.92999999999999,3876412.5700000003,664.0,166766.0,,,440.0,240.0,191.0,36.0,13.0,county
2010,,,NM,Sierra County,6079.0,11.74,305429.03,55.0,10704.0,,,21.0,21.0,16.0,2.0,3.0,county
2010,,,NM,State of New Mexico,658014.0,1763.0,58273504.0,6363.0,2322495.0,,,505.0,490.0,379.0,77.0,34.0,state
2010,,,NV,City of Carson City,47698.0,29.810000000000002,1914984.75,228.0,68076.0,,,156.0,156.0,108.0,29.0,19.0,county
2010,,,NV,City of Las Vegas,181562.0,219.0,14970392.0,1050.0,341653.0,,,1475.0,1171.0,938.0,108.0,125.0,county
2010,,,NV,City of North Las Vegas,141938.0,130.0,12566733.63,900.0,332903.0,,,735.0,680.0,457.0,131.0,92.0,county
2010,,,NV,Clark County,2127110.0,805.0,67283117.21,3614.0,1249760.0,,,4864.0,4530.0,2435.0,1124.0,971.0,county
2010,,,NV,County of Douglas,14304.0,29.79,1845906.3900000001,126.0,31483.0,,,19.0,19.0,12.0,6.0,1.0,county
2010,,,NV,County of Eureka,81.0,4.3500000000000005,195244.19,20.0,3977.0,,,1.0,1.0,1.0,0.0,0.0,county
2010,,,NV,County of Humboldt,9714.0,11.91,696451.0,84.0,21013.0,,,50.0,50.0,40.0,4.0,6.0,county
2010,,,NV,County of Lyon,4122.0,12.08,574789.86,77.0,27810.0,,,21.0,21.0,13.0,5.0,3.0,county
2010,,,NV,County of Mineral,70.0,5.3500000000000005,218760.14,67.0,24227.0,,,9.0,8.0,5.0,0.0,3.0,county
2010,,,NV,County of Nye,8063.0,26.97,1461791.84,135.0,36245.0,,,19.0,16.0,13.0,3.0,0.0,county
2010,,,NV,County of Pershing,1381.0,5.62,254633.68,26.0,4745.0,,,8.0,8.0,5.0,0.0,3.0,county
2010,,,NV,County of Washoe,343382.0,268.34000000000003,18363378.76,1493.0,544734.0,,,971.0,752.0,592.0,72.0,88.0,county
2010,,,NV,Elko County,21878.0,16.12,1287930.04,132.0,39055.0,,,57.0,51.0,37.0,7.0,7.0,county
2010,,,NV,Nevada Department of Corrections,1354558.0,1896.0,113598131.0,13796.0,4854287.0,,,1067.0,1065.0,254.0,519.0,292.0,state
2010,,,NY,County Of Schenectady,51201.0,168.04,9383891.61,378.0,110595.0,,,70.0,49.0,23.0,7.0,19.0,county
2010,,,NY,County of Broome,32621.0,161.0,7932012.28,536.0,161388.0,,,57.0,56.0,33.0,9.0,14.0,county
2010,,,NY,County of Cayuga,13027.0,89.38,4568740.58,214.0,67445.0,,,14.0,11.0,9.0,2.0,0.0,county
2010,,,NY,County of Chemung,5131.0,85.36,3799681.08,325.0,118624.0,,,18.0,16.0,11.0,1.0,4.0,county
2010,,,NY,County of Columbia,17510.0,52.480000000000004,2704335.7199999997,134.0,36440.0,,,13.0,12.0,5.0,5.0,2.0,county
2010,,,NY,County of Dutchess,17771.0,219.98000000000002,16047765.72,267.0,97308.0,,,51.0,1.0,0.0,1.0,0.0,county
2010,,,NY,County of Erie,40774.0,582.0,35583459.79,1495.0,476325.0,,,72.0,55.0,18.0,16.0,21.0,county
2010,,,NY,County of Franklin,25511.0,52.28,2202415.38,128.0,39449.0,,,32.0,28.0,23.0,3.0,2.0,county
2010,,,NY,County of Fulton,8839.0,56.07,2408941.44,168.0,34161.0,,,3.0,3.0,2.0,1.0,0.0,county
2010,,,NY,County of Genesee,1667.0,25.84,1383987.12,87.0,26280.0,,,14.0,11.0,6.0,1.0,4.0,county
2010,,,NY,County of Herkimer,15619.0,44.83,1584620.46,41.0,10585.0,,,11.0,10.0,2.0,5.0,3.0,county
2010,,,NY,County of Jefferson,10050.0,60.870000000000005,3971469.0,160.0,48766.0,,,6.0,6.0,3.0,3.0,0.0,county
2010,,,NY,County of Livingston,10106.0,33.26,1684390.26,96.0,28835.0,,,4.0,4.0,3.0,1.0,0.0,county
2010,,,NY,County of Madison,4645.0,50.82,2355772.99,126.0,45813.0,,,8.0,5.0,0.0,5.0,0.0,county
2010,,,NY,County of Monroe,22072.0,491.03000000000003,32394605.99,1589.0,523251.0,,,35.0,35.0,15.0,4.0,16.0,county
2010,,,NY,County of Niagara,8111.0,141.61,8298677.59,494.0,179973.0,,,47.0,47.0,30.0,4.0,13.0,county
2010,,,NY,County of Oneida,28320.0,286.36000000000007,12345951.17,608.0,168854.0,,,31.0,28.0,9.0,6.0,13.0,county
2010,,,NY,County of Ontario,10547.0,86.59,4968076.0,276.0,74646.0,,,10.0,10.0,6.0,3.0,1.0,county
2010,,,NY,County of Orange,180772.0,290.0,16464424.0,738.0,199043.0,,,190.0,138.0,74.0,33.0,31.0,county
2010,,,NY,County of Oswego,2300.0,55.71,2880225.5,158.0,40231.0,,,8.0,4.0,2.0,0.0,2.0,county
2010,,,NY,County of Rensselaer,15056.0,123.33,7288002.84,279.0,78168.0,,,11.0,9.0,7.0,1.0,1.0,county
2010,,,NY,County of Steuben,532.0,77.58,2885562.5300000003,260.0,67874.0,,,2.0,2.0,1.0,0.0,1.0,county
2010,,,NY,County of Ulster,12198.0,180.0,9766667.0,426.0,116343.0,,,7.0,7.0,3.0,4.0,0.0,county
2010,,,NY,County of Wayne,18757.0,73.94999999999999,3774770.01,190.0,53862.0,,,18.0,17.0,6.0,4.0,7.0,county
2010,,,NY,Essex County,6420.0,57.15,2322810.83,120.0,21363.0,,,6.0,5.0,4.0,0.0,1.0,county
2010,,,NY,Nassau County,1971434.0,1081.0,95002934.0,1859.0,578227.0,,,1454.0,706.0,320.0,194.0,192.0,county
2010,,,NY,New York City,13450977.0,9393.0,743568117.0,13363.0,4877474.0,,,6963.0,6666.0,4056.0,1072.0,1538.0,county
2010,,,NY,St. Lawrence County,1745.0,56.28,2641388.3,164.0,31098.0,,,4.0,4.0,2.0,0.0,2.0,county
2010,,,NY,State of New York,17927031.0,21529.0,1327753497.0,61331.0,22385633.0,,,14022.0,7715.0,486.0,3488.0,3741.0,state
2010,,,NY,Suffolk County Sheriff''s Office,2176899.0,975.0,85456062.0,1838.0,603948.0,,,844.0,786.0,353.0,344.0,89.0,county
2010,,,NY,Warren County,29153.0,71.73,3617025.84,186.0,54356.0,,,28.0,20.0,15.0,1.0,4.0,county
2010,,,NY,Westchester County,1164635.0,848.0,71334925.0,1863.0,576070.0,,,550.0,462.0,204.0,140.0,118.0,county
2010,,,NY,"Wyoming, County of",16257.0,31.95,1514639.81,76.0,21828.0,,,9.0,8.0,5.0,2.0,1.0,county
2010,,,OH,County of  Madison,269.0,16.26,630822.22,63.0,22852.0,,,9.0,4.0,1.0,3.0,0.0,county
2010,,,OH,County of Butler,360757.0,134.0,6938062.5600000005,1219.0,373334.0,,,3145.0,2983.0,90.0,2829.0,64.0,county
2010,,,OH,County of Clermont,8587.0,90.82000000000001,4195914.49,318.0,116015.0,,,42.0,38.0,26.0,3.0,9.0,county
2010,,,OH,County of Defiance,457.0,13.74,548939.93,62.0,21580.0,,,6.0,6.0,2.0,0.0,4.0,county
2010,,,OH,County of Erie,298.0,34.72,1775970.8399999999,120.0,43691.0,,,7.0,4.0,3.0,1.0,0.0,county
2010,,,OH,County of Fulton,2167.0,8.45,337453.07,49.0,13266.0,,,15.0,15.0,13.0,2.0,0.0,county
2010,,,OH,County of Greene,22903.0,92.7,5060379.68,376.0,105907.0,,,45.0,44.0,29.0,3.0,12.0,county
2010,,,OH,County of Henry,541.0,7.01,280142.52,36.0,11013.0,,,5.0,5.0,1.0,3.0,1.0,county
2010,,,OH,County of Lucas,18864.0,289.65000000000003,12359750.66,430.0,156950.0,,,47.0,47.0,25.0,8.0,14.0,county
2010,,,OH,County of Montgomery,5747.0,166.28,7790993.03,920.0,312901.0,,,394.0,39.0,29.0,4.0,6.0,county
2010,,,OH,County of Summit,45051.0,228.77,11579495.58,671.0,192253.0,,,110.0,84.0,61.0,8.0,15.0,county
2010,,,OH,County of Union,3974.0,11.09,445033.88,52.0,14003.0,,,36.0,34.0,27.0,4.0,3.0,county
2010,,,OH,Cuyahoga County,60845.0,642.0,27810219.43,2160.0,671037.0,,,157.0,127.0,76.0,16.0,35.0,county
2010,,,OH,Licking County,2155.0,79.0,3982122.36,329.0,98423.0,,,15.0,15.0,13.0,1.0,1.0,county
2010,,,OH,State of Ohio,920731.0,8429.0,401509137.0,51273.0,18507209.0,,,848.0,689.0,404.0,194.0,91.0,state
2010,,,OK,COUNTY OF CADDO,843.0,16.48,395086.57,85.0,31025.0,,,7.0,7.0,4.0,2.0,1.0,county
2010,,,OK,COUNTY OF CUSTER,2990.0,13.94,436062.18,128.0,35395.0,,,27.0,17.0,12.0,3.0,2.0,county
2010,,,OK,COUNTY OF LINCOLN,3462.0,15.02,303878.47000000003,80.0,18266.0,,,6.0,5.0,4.0,0.0,1.0,county
2010,,,OK,County of Carter,9498.0,34.0,1132245.48,186.0,60000.0,,,78.0,78.0,60.0,15.0,3.0,county
2010,,,OK,County of Cleveland,4672.0,31.93,1007108.59,193.0,70445.0,,,40.0,35.0,24.0,6.0,5.0,county
2010,,,OK,County of Comanche,6579.0,56.0,1219124.4,283.0,102200.0,,,57.0,43.0,34.0,4.0,5.0,county
2010,,,OK,County of Garfield,7652.0,30.19,730044.53,206.0,75051.0,,,47.0,44.0,37.0,5.0,2.0,county
2010,,,OK,County of Kay,1858.0,15.64,449978.17,123.0,44895.0,,,7.0,7.0,7.0,0.0,0.0,county
2010,,,OK,County of Tulsa,23330.0,294.74,8791591.76,1714.0,596799.0,,,198.0,182.0,135.0,6.0,41.0,county
2010,,,OK,LeFlore County Public Trust Authority,2701.0,38.24,959927.84,186.0,48662.0,,,13.0,12.0,11.0,1.0,0.0,county
2010,,,OK,State of Oklahoma,886266.0,2635.17,118860911.7,25258.0,9219170.0,,,1318.0,1292.0,855.0,301.0,136.0,state
2010,,,OK,Texas County,59783.0,35.0,899889.04,96.0,25920.0,,,141.0,141.0,118.0,20.0,3.0,county
2010,,,OK,county of love,126.0,7.09,127673.81,32.0,6199.0,,,36.0,4.0,2.0,0.0,2.0,county
2010,,,OR,Coos County,4478.0,29.580000000000002,1405513.1400000001,97.0,30062.0,,,25.0,25.0,19.0,5.0,1.0,county
2010,,,OR,County of Baker,2501.0,13.32,537185.51,45.0,11821.0,,,3.0,3.0,1.0,2.0,0.0,county
2010,,,OR,County of Benton,13173.0,20.8,1402691.3599999999,80.0,23105.0,,,38.0,22.0,10.0,8.0,4.0,county
2010,,,OR,County of Clatsop,14762.0,19.92,1106378.1,70.0,25254.0,,,47.0,47.0,29.0,12.0,6.0,county
2010,,,OR,County of Columbia,4356.0,20.03,1393382.38,224.0,73961.0,,,15.0,14.0,12.0,1.0,1.0,county
2010,,,OR,County of Douglas,11487.0,44.1,2110686.93,283.0,65454.0,,,70.0,66.0,40.0,22.0,4.0,county
2010,,,OR,County of Gilliam,328.0,1.07,54203.54,10.0,1833.0,,,2.0,2.0,1.0,1.0,0.0,county
2010,,,OR,County of Hood River,11160.0,5.95,300488.7,55.0,10159.0,,,55.0,51.0,18.0,27.0,6.0,county
2010,,,OR,County of Jackson,51323.0,52.17,3636072.99,231.0,84315.0,,,137.0,122.0,44.0,57.0,21.0,county
2010,,,OR,County of Jefferson,6302.0,18.23,714753.6900000001,160.0,31802.0,,,28.0,25.0,8.0,13.0,4.0,county
2010,,,OR,County of Linn,31339.0,47.64,3028400.84,230.0,76650.0,,,48.0,42.0,21.0,11.0,10.0,county
2010,,,OR,County of Malheur,14918.0,14.5,646913.49,104.0,28052.0,,,50.0,50.0,41.0,7.0,2.0,county
2010,,,OR,County of Polk,36197.0,25.91,1539813.4100000001,204.0,58102.0,,,88.0,86.0,54.0,21.0,11.0,county
2010,,,OR,County of Sherman,175.0,1.25,62987.060000000005,12.0,2130.0,,,5.0,5.0,3.0,0.0,2.0,county
2010,,,OR,County of Umatilla,25207.0,31.27,1242746.1,250.0,50352.0,,,124.0,122.0,85.0,17.0,20.0,county
2010,,,OR,County of Union,2441.0,15.87,680039.0,36.0,12534.0,,,6.0,6.0,4.0,2.0,0.0,county
2010,,,OR,County of Wasco,4450.0,14.61,738046.48,135.0,24953.0,,,29.0,28.0,15.0,10.0,3.0,county
2010,,,OR,County of Washington,393751.0,193.0,10363571.0,572.0,194814.0,,,1072.0,1006.0,178.0,691.0,137.0,county
2010,,,OR,Josephine County,6231.0,38.0,2224678.0,262.0,55190.0,,,17.0,16.0,6.0,7.0,3.0,county
2010,,,OR,Klamath County,11230.0,34.0,1665634.0,152.0,44206.0,,,53.0,50.0,17.0,25.0,8.0,county
2010,,,OR,Lane County,326039.0,147.0,8433187.79,384.0,132313.0,,,316.0,256.0,145.0,85.0,26.0,county
2010,,,OR,Oregon Department of Corrections,4939427.0,2544.92,206802037.0,14388.0,5047167.0,,,2161.0,2142.0,732.0,1011.0,399.0,state
2010,,,OR,Yamhill County,29445.0,29.84,1954250.0,274.0,84128.0,,,115.0,100.0,80.0,11.0,9.0,county
2010,,,PA,COUNTY OF LUZERNE,180216.0,312.57,13100574.38,787.0,268611.0,,,235.0,235.0,132.0,52.0,51.0,county
2010,,,PA,COUNTY OF PIKE,4749.0,94.33,3602044.23,301.0,106224.0,,,14.0,14.0,1.0,2.0,11.0,county
2010,,,PA,City of Philadelphia,86207.0,1890.0,100135309.0,9554.0,3487166.0,,,920.0,173.0,85.0,26.0,62.0,county
2010,,,PA,Commonwealth of Pennsylvania,1455085.0,9824.0,472803712.0,53557.0,17528643.0,,,866.0,866.0,475.0,284.0,107.0,county
2010,,,PA,County of Adams,29591.0,106.21000000000001,4362315.81,316.0,115340.0,,,46.0,46.0,26.0,12.0,8.0,county
2010,,,PA,County of Allegheny,9597.0,1134.0,28109934.0,2965.0,944579.0,,,38.0,37.0,14.0,8.0,15.0,county
2010,,,PA,County of Berks,27714.0,195.0,9922342.31,1397.0,414558.0,,,61.0,59.0,31.0,21.0,7.0,county
2010,,,PA,County of Blair,3960.0,79.0,2678712.06,338.0,118070.0,,,12.0,12.0,9.0,0.0,3.0,county
2010,,,PA,County of Bucks,171331.0,283.0,20604435.0,1083.0,394977.0,,,360.0,271.0,125.0,49.0,97.0,county
2010,,,PA,County of Centre,9891.0,66.25,2397304.0,349.0,77739.0,,,29.0,29.0,9.0,1.0,19.0,county
2010,,,PA,"County of Chester ,West Chester  Pa",128183.0,226.57,10739532.73,1389.0,351922.0,,,201.0,185.0,133.0,30.0,22.0,county
2010,,,PA,County of Crawford,1384.0,59.24,2256467.49,282.0,72024.0,,,3.0,3.0,2.0,1.0,0.0,county
2010,,,PA,County of Cumberland,18808.0,71.82000000000001,3200807.65,398.0,100755.0,,,43.0,43.0,20.0,5.0,18.0,county
2010,,,PA,County of Dauphin,59562.0,208.32,11791307.21,1013.0,348923.0,,,198.0,118.0,67.0,20.0,31.0,county
2010,,,PA,County of Erie,27640.0,164.43,7110463.29,849.0,218783.0,,,59.0,46.0,41.0,0.0,5.0,county
2010,,,PA,County of Indiana,6256.0,48.56999999999999,1787819.4500000002,256.0,50370.0,,,9.0,6.0,3.0,2.0,1.0,county
2010,,,PA,County of Lancaster,29904.0,197.33,7689160.85,1184.0,431834.0,,,127.0,127.0,44.0,24.0,59.0,county
2010,,,PA,County of Lebanon,22893.0,107.0,3553247.0,645.0,166440.0,,,81.0,81.0,51.0,12.0,18.0,county
2010,,,PA,County of Lehigh,98604.0,267.35,14666175.53,1698.0,487206.0,,,296.0,240.0,120.0,46.0,74.0,county
2010,,,PA,County of Lycoming,3169.0,62.08,2173599.2,392.0,125547.0,,,12.0,8.0,7.0,0.0,1.0,county
2010,,,PA,County of Monroe,16946.0,102.16,4440405.35,406.0,127838.0,,,62.0,61.0,15.0,12.0,34.0,county
2010,,,PA,County of Westmoreland,6987.0,140.39000000000001,5399998.26,692.0,189207.02,,,20.0,12.0,8.0,1.0,3.0,county
2010,,,PA,Lackawanna County,9631.0,165.4,7363097.74,1186.0,380118.0,,,35.0,31.0,20.0,3.0,8.0,county
2010,,,PA,Montgomery County,23715.0,276.0,13007583.0,1745.0,636925.0,,,81.0,73.0,46.0,13.0,14.0,county
2010,,,PA,Northampton County,35534.0,196.71,8200653.74,828.0,284700.0,,,94.0,88.0,50.0,11.0,27.0,county
2010,,,PR,Puerto Rico Department of Corrections and Rehabilitation,398176.0,5451.0,142794396.0,14839.0,4566880.0,,,346.0,319.0,216.0,67.0,36.0,state
2010,,,RI,State of Rhode Island,1026129.0,971.4,95614913.0,4255.0,1377185.0,,,685.0,617.0,298.0,123.0,196.0,state
2010,,,SC,Aiken County,11353.0,67.89,2180456.58,419.0,152935.0,,,73.0,67.0,55.0,7.0,5.0,county
2010,,,SC,"Anderson, County of",9887.0,69.3,2259267.19,403.0,147095.0,,,48.0,47.0,37.0,6.0,4.0,county
2010,,,SC,Charleston County,185959.0,380.0,15130575.8,1355.0,617087.0,,,1606.0,1279.0,908.0,329.0,42.0,county
2010,,,SC,Colleton County,2501.0,27.0,787081.36,131.0,47712.0,,,25.0,25.0,24.0,0.0,1.0,county
2010,,,SC,County Council of Beaufort,89990.0,79.51,3276170.87,335.0,122125.0,,,281.0,281.0,237.0,36.0,8.0,county
2010,,,SC,County of Berkeley,9415.0,35.160000000000004,1200184.3900000001,436.0,158831.0,,,64.0,59.0,55.0,2.0,2.0,county
2010,,,SC,County of Dorchester,4119.0,56.15,1450607.88,265.0,96390.0,,,50.0,47.0,43.0,1.0,3.0,county
2010,,,SC,County of Greenville,102626.0,260.33,9868302.15,1484.0,541572.0,,,486.0,402.0,354.0,27.0,21.0,county
2010,,,SC,County of Greenwood,5763.0,33.3,1050751.93,225.0,81881.0,,,55.0,46.0,44.0,2.0,0.0,county
2010,,,SC,County of Horry,108691.0,164.41,5567071.0,687.0,250755.0,,,449.0,449.0,377.0,46.0,26.0,county
2010,,,SC,County of Laurens,3795.0,36.94,984722.1900000001,234.0,85196.0,,,21.0,20.0,17.0,1.0,2.0,county
2010,,,SC,County of Pickens,16298.0,26.0,953962.9400000001,136.0,49640.0,,,47.0,47.0,38.0,6.0,3.0,county
2010,,,SC,County of York,48282.0,98.99000000000001,3625165.46,587.0,206112.0,,,254.0,251.0,189.0,56.0,6.0,county
2010,,,SC,Georgetown County,1311.0,42.4,1282738.05,220.0,77116.0,,,9.0,9.0,8.0,1.0,0.0,county
2010,,,SC,LEXINGTON COUNTY,53164.0,106.5,4515906.09,872.0,318098.0,,,352.0,325.0,264.0,48.0,13.0,county
2010,,,SC,Richland County Government,4572.0,281.0,9574214.0,1120.0,366460.0,,,12.0,12.0,12.0,0.0,0.0,county
2010,,,SC,State of South Carolina,376359.0,4886.0,123790114.33,24136.0,8789565.0,,,574.0,574.0,370.0,150.0,54.0,state
2010,,,SD,Pennington County,5501.0,71.19,3197066.83,461.0,168155.0,,,38.0,32.0,26.0,1.0,5.0,county
2010,,,SD,State of South Dakota,63247.0,479.0,18060337.0,3328.0,1214720.0,,,109.0,95.0,20.0,46.0,29.0,state
2010,,,TN,County Of Hamblen,9907.0,37.47,969860.89,300.0,109302.0,,,91.0,85.0,79.0,4.0,2.0,county
2010,,,TN,County of Anderson,4815.0,60.33,1817826.53,235.0,85411.0,,,46.0,44.0,39.0,0.0,5.0,county
2010,,,TN,County of Montgomery,44305.0,102.98,3522311.42,936.0,179234.0,,,161.0,116.0,102.0,1.0,13.0,county
2010,,,TN,County of Sumner,17781.0,130.87,3413845.23,662.0,214776.0,,,75.0,68.0,58.0,6.0,4.0,county
2010,,,TN,Hamilton County,41915.0,158.0,5361107.0,625.0,219000.0,,,325.0,305.0,219.0,75.0,11.0,county
2010,,,TN,Lincoln County,3390.0,30.8,863320.27,124.0,44923.0,,,3.0,3.0,3.0,0.0,0.0,county
2010,,,TN,Metropolitan Nashville And Davidson County,246890.0,450.0,15576515.85,2918.0,947504.0,,,867.0,858.0,19.0,792.0,47.0,county
2010,,,TN,Rutherford County,16127.0,151.0,4801843.0,958.0,286963.0,,,85.0,78.0,64.0,14.0,0.0,county
2010,,,TN,State of Tennessee,296793.0,2466.0,64333008.0,20109.0,7001795.0,,,1490.0,606.0,298.0,220.0,88.0,state
2010,,,TX,Brazoria County,120817.0,149.0,6835886.97,1160.0,300080.0,,,285.0,271.0,178.0,67.0,26.0,county
2010,,,TX,COUNTY OF CROCKETT,5718.0,8.53,344232.64,12.0,3697.0,,,2.0,2.0,2.0,0.0,0.0,county
2010,,,TX,COUNTY OF HUDSPETH,2891.0,20.88,511105.74,119.0,33690.0,,,21.0,21.0,20.0,0.0,1.0,county
2010,,,TX,COUNTY OF LUBBOCK,52926.0,245.68,9025909.91,795.0,263103.0,,,117.0,117.0,85.0,7.0,25.0,county
2010,,,TX,COUNTY OF LYNN,889.0,15.71,418423.7,54.0,15069.0,,,5.0,5.0,4.0,1.0,0.0,county
2010,,,TX,Caldwell County,12746.0,43.93,1088303.36,301.0,67462.0,,,44.0,44.0,40.0,3.0,1.0,county
2010,,,TX,Cameron County,259841.0,321.0,7558932.0,1422.0,449537.0,,,1048.0,1001.0,800.0,142.0,59.0,county
2010,,,TX,Chambers County,13810.0,29.2,933286.01,148.0,41886.0,,,66.0,65.0,50.0,8.0,7.0,county
2010,,,TX,County Of Hunt,19767.0,81.17,2454135.27,343.0,113675.0,,,41.0,39.0,27.0,10.0,2.0,county
2010,,,TX,County of Andrews,5919.0,13.13,571998.25,50.0,20603.0,,,17.0,17.0,12.0,5.0,0.0,county
2010,,,TX,County of Angelina,21355.0,54.59,1551161.3599999999,276.0,100010.0,,,107.0,89.0,63.0,16.0,10.0,county
2010,,,TX,County of Atascosa,3894.0,26.080000000000002,851736.09,138.0,36114.0,,,19.0,17.0,13.0,2.0,2.0,county
2010,,,TX,County of Bailey,4510.0,19.3,486181.38,96.0,16726.0,,,21.0,21.0,21.0,0.0,0.0,county
2010,,,TX,County of Bastrop,13203.0,81.52,2819593.7,392.0,134998.0,,,87.0,68.0,48.0,8.0,12.0,county
2010,,,TX,County of Bell,98935.0,178.85,6058884.04,841.0,252610.0,,,351.0,291.0,215.0,37.0,39.0,county
2010,,,TX,County of Bexar,195908.0,960.0,37553802.77,4598.0,1513871.0,,,590.0,521.0,388.0,85.0,48.0,county
2010,,,TX,County of Bosque,2466.0,9.93,273731.56,35.0,9564.0,,,14.0,13.0,11.0,2.0,0.0,county
2010,,,TX,County of Bowie,7928.0,126.14,3837389.94,921.0,323103.0,,,45.0,35.0,28.0,5.0,2.0,county
2010,,,TX,County of Brazos,56689.0,101.84,3783398.69,595.0,217138.0,,,210.0,196.0,139.0,45.0,12.0,county
2010,,,TX,County of Brewster,17863.0,14.56,384930.15,56.0,18703.0,,,91.0,91.0,56.0,33.0,2.0,county
2010,,,TX,County of Brown,6678.0,33.61,1043356.54,196.0,55045.0,,,31.0,28.0,24.0,2.0,2.0,county
2010,,,TX,County of Burnet,6444.0,38.82,1159677.29,587.0,28392.0,,,18.0,14.0,12.0,0.0,2.0,county
2010,,,TX,County of Carson,1359.0,6.78,191910.91,24.0,6887.0,,,3.0,3.0,2.0,1.0,0.0,county
2010,,,TX,County of Castro,2679.0,7.45,173200.78,18.0,3130.0,,,3.0,3.0,3.0,0.0,0.0,county
2010,,,TX,County of Cherokee,9505.0,32.7,932093.3200000001,188.0,61246.0,,,53.0,47.0,36.0,5.0,6.0,county
2010,,,TX,County of Collin,410922.0,248.0,13139135.91,1010.0,325418.0,,,713.0,666.0,442.0,119.0,105.0,county
2010,,,TX,County of Comal,39316.0,81.16,3295717.71,337.0,89441.0,,,110.0,104.0,79.0,12.0,13.0,county
2010,,,TX,County of Comanche,1512.0,13.66,388705.64,148.0,27653.0,,,9.0,8.0,5.0,1.0,2.0,county
2010,,,TX,County of Crane,639.0,4.86,199235.4,24.0,5524.0,,,2.0,2.0,2.0,0.0,0.0,county
2010,,,TX,County of Dallam,12590.0,13.120000000000001,367735.65,51.0,11248.0,,,28.0,28.0,25.0,3.0,0.0,county
2010,,,TX,County of Dallas,1259167.0,1509.0,83504936.38,8555.0,2225040.0,,,4215.0,3809.0,2901.0,574.0,334.0,county
2010,,,TX,County of Deaf Smith,7629.0,19.0,528519.91,93.0,28125.0,,,46.0,39.0,35.0,2.0,2.0,county
2010,,,TX,County of Denton,354020.0,342.68,11795109.34,1400.0,422132.0,,,778.0,738.0,531.0,142.0,65.0,county
2010,,,TX,County of Duval,951.0,12.870000000000001,277377.4,33.0,7304.0,,,4.0,4.0,4.0,0.0,0.0,county
2010,,,TX,County of Eastland,1225.0,17.05,444189.17,96.0,24662.0,,,7.0,7.0,5.0,0.0,2.0,county
2010,,,TX,County of Ector,51323.0,97.73,3925737.75,667.0,216919.0,,,232.0,218.0,178.0,21.0,19.0,county
2010,,,TX,County of Ellis,19447.0,103.24000000000001,3711279.18,568.0,128650.0,,,59.0,59.0,43.0,7.0,9.0,county
2010,,,TX,County of Fannin,4291.0,21.64,533642.87,96.0,30568.0,,,17.0,16.0,13.0,1.0,2.0,county
2010,,,TX,County of Fayette,2516.0,12.59,361175.25,45.0,8892.0,,,15.0,14.0,9.0,2.0,3.0,county
2010,,,TX,County of Fort Bend,243779.0,331.0,10436639.44,1766.0,327961.0,,,450.0,442.0,267.0,125.0,50.0,county
2010,,,TX,County of Gillespie,28024.0,10.52,392099.35000000003,15.0,5274.0,,,38.0,38.0,31.0,3.0,4.0,county
2010,,,TX,County of Gray,1761.0,17.35,523439.94,78.0,20075.0,,,5.0,5.0,4.0,0.0,1.0,county
2010,,,TX,County of Grayson,41004.0,92.97,3236246.08,431.0,125127.0,,,140.0,124.0,102.0,15.0,7.0,county
2010,,,TX,County of Harris,2656448.0,2055.02,106409845.9,3817540.0,4146767.0,,,7406.0,6485.0,4008.0,1992.0,485.0,county
2010,,,TX,County of Harrison,6749.0,24.28,781759.14,182.0,66116.0,,,45.0,43.0,38.0,1.0,4.0,county
2010,,,TX,County of Hays,63176.0,105.18,4074795.41,362.0,116290.0,,,127.0,119.0,96.0,10.0,13.0,county
2010,,,TX,County of Hemphill,6685.0,6.640000000000001,249055.33000000002,21.0,2169.0,,,2.0,2.0,1.0,1.0,0.0,county
2010,,,TX,County of Hidalgo,418866.0,315.0,8855861.73,1200.0,423859.0,,,2365.0,2251.0,2063.0,130.0,58.0,county
2010,,,TX,County of Hill,10853.0,37.18,1260395.69,243.0,51100.0,,,46.0,44.0,30.0,8.0,6.0,county
2010,,,TX,County of Hopkins,7714.0,28.38,773695.0,102.0,38714.0,,,31.0,30.0,27.0,3.0,0.0,county
2010,,,TX,County of Hutchinson,6283.0,15.85,648130.7000000001,70.0,15965.0,,,22.0,22.0,20.0,2.0,0.0,county
2010,,,TX,County of Johnson,41902.0,124.29,4106989.99,775.0,153754.0,,,185.0,176.0,137.0,10.0,29.0,county
2010,,,TX,County of Kerr,12550.0,31.48,1201077.91,192.0,53582.0,,,54.0,49.0,34.0,7.0,8.0,county
2010,,,TX,County of Lamar,8095.0,38.28,954628.31,220.0,58575.0,,,43.0,42.0,37.0,4.0,1.0,county
2010,,,TX,County of Lee,7638.0,17.6,521913.72000000003,106.0,16022.0,,,35.0,34.0,22.0,10.0,2.0,county
2010,,,TX,County of Leon,2658.0,8.0,232158.83000000002,53.0,9818.0,,,10.0,10.0,9.0,0.0,1.0,county
2010,,,TX,County of Liberty,13378.0,67.96000000000001,1972028.35,372.0,113263.0,,,62.0,61.0,47.0,13.0,1.0,county
2010,,,TX,County of Limestone,5818.0,19.990000000000002,679300.02,111.0,40502.0,,,41.0,40.0,33.0,4.0,3.0,county
2010,,,TX,County of Live Oak,182.0,12.540000000000001,337191.34,96.0,7426.0,,,1.0,1.0,1.0,0.0,0.0,county
2010,,,TX,County of Matagorda,19195.0,22.32,645496.38,192.0,48757.0,,,63.0,63.0,40.0,19.0,4.0,county
2010,,,TX,County of Maverick,6518.0,27.18,752298.71,250.0,82618.0,,,41.0,36.0,21.0,11.0,4.0,county
2010,,,TX,County of Montgomery,146000.0,207.37,7779028.49,1157.0,328841.0,,,481.0,451.0,287.0,118.0,46.0,county
2010,,,TX,County of Moore,34360.0,14.82,547354.1900000001,62.0,20733.0,,,142.0,124.0,82.0,12.0,30.0,county
2010,,,TX,County of Navarro,25602.0,74.93,2454920.89,290.0,83950.0,,,79.0,76.0,53.0,12.0,11.0,county
2010,,,TX,County of Nueces,29824.0,119.03,4427893.66,1020.0,331238.0,,,289.0,247.0,193.0,19.0,35.0,county
2010,,,TX,County of Ochiltree,11557.0,4.97,185436.74,32.0,10217.0,,,66.0,64.0,53.0,7.0,4.0,county
2010,,,TX,County of Orange,14169.0,55.52,2918065.54,326.0,60896.0,,,28.0,27.0,21.0,4.0,2.0,county
2010,,,TX,County of Palo Pinto,6306.0,27.26,946993.16,142.0,44431.0,,,22.0,16.0,10.0,4.0,2.0,county
2010,,,TX,County of Parker,46883.0,65.00999999999999,2265161.2,446.0,122879.0,,,169.0,164.0,130.0,18.0,16.0,county
2010,,,TX,County of Parmer,11520.0,15.34,389706.4,48.0,11321.0,,,15.0,15.0,12.0,3.0,0.0,county
2010,,,TX,County of Pecos,3344.0,9.88,289471.06,49.0,9564.0,,,19.0,17.0,11.0,2.0,4.0,county
2010,,,TX,County of Polk,10200.0,26.07,731037.39,119.0,35395.0,,,42.0,39.0,24.0,13.0,2.0,county
2010,,,TX,County of Randall,19354.0,77.9,3027388.83,379.0,113150.0,,,41.0,36.0,22.0,6.0,8.0,county
2010,,,TX,County of Rockwall,37803.0,50.74,1943996.83,243.0,60686.0,,,118.0,95.0,74.0,9.0,12.0,county
2010,,,TX,County of Smith,66934.0,194.41,6387473.34,755.0,245356.0,,,323.0,281.0,221.0,19.0,41.0,county
2010,,,TX,County of Starr,14298.0,57.74,1237809.71,275.0,79469.0,,,45.0,39.0,32.0,4.0,3.0,county
2010,,,TX,County of Tarrant,486285.0,752.61,32371174.45,4571.0,1213136.0,,,1892.0,1636.0,1212.0,228.0,196.0,county
2010,,,TX,County of Taylor,15130.0,82.2,2600270.64,874.0,184299.0,,,101.0,91.0,69.0,12.0,10.0,county
2010,,,TX,County of Upshur,2400.0,28.92,865219.56,226.0,73039.0,,,22.0,21.0,13.0,6.0,2.0,county
2010,,,TX,County of Van Zandt,9385.0,30.96,812855.59,192.0,60245.0,,,33.0,32.0,22.0,8.0,2.0,county
2010,,,TX,County of Victoria,33037.0,125.0,3562133.42,532.0,161589.0,,,134.0,105.0,83.0,11.0,11.0,county
2010,,,TX,County of Walker,13299.0,29.34,929834.77,162.0,53290.0,,,59.0,58.0,34.0,19.0,5.0,county
2010,,,TX,County of Webb,194418.0,127.02,5227741.3,567.0,171504.0,,,426.0,379.0,260.0,80.0,39.0,county
2010,,,TX,County of Wheeler,3928.0,11.18,334722.52,14.0,4086.0,,,9.0,9.0,6.0,2.0,1.0,county
2010,,,TX,County of Williamson,152917.0,181.82,7252571.91,1104.0,209875.0,,,475.0,434.0,308.0,77.0,49.0,county
2010,,,TX,County of Wood,4598.0,25.63,821035.0800000001,157.0,33920.0,,,19.0,18.0,15.0,1.0,2.0,county
2010,,,TX,County of Zapata,17656.0,55.4,1363959.07,240.0,60792.0,,,71.0,67.0,50.0,13.0,4.0,county
2010,,,TX,County of Zavala,4649.0,18.95,364039.77,66.0,22284.0,,,9.0,9.0,8.0,0.0,1.0,county
2010,,,TX,Culberson County,7478.0,6.55,172599.01,17.0,4050.0,,,5.0,5.0,5.0,0.0,0.0,county
2010,,,TX,El Paso County,819712.0,656.0,40231139.48,2440.0,797032.0,,,1282.0,1271.0,1029.0,156.0,86.0,county
2010,,,TX,Freestone County,29253.0,19.48,580280.2000000001,43.0,12045.0,,,84.0,84.0,63.0,17.0,4.0,county
2010,,,TX,Galveston County,89823.0,238.04,10145866.89,1171.0,337532.0,,,180.0,180.0,113.0,43.0,24.0,county
2010,,,TX,"Gregg, County of",47433.0,133.75,4120896.48,916.0,315847.0,,,273.0,249.0,213.0,16.0,20.0,county
2010,,,TX,HOCKLEY COUNTY,2216.0,17.06,550676.41,64.0,21072.0,,,7.0,6.0,5.0,0.0,1.0,county
2010,,,TX,Henderson County,37104.0,96.73,3219264.39,508.0,89178.0,,,83.0,77.0,63.0,6.0,8.0,county
2010,,,TX,Hood County,6510.0,42.75,1231611.05,196.0,71249.0,,,41.0,39.0,31.0,4.0,4.0,county
2010,,,TX,Jefferson County,54618.0,265.0,12472236.0,1200.0,329338.0,,,158.0,155.0,118.0,34.0,3.0,county
2010,,,TX,Kaufman County,16183.0,125.67,4247169.41,531.0,116233.0,,,33.0,33.0,22.0,6.0,5.0,county
2010,,,TX,McLennan County,112504.0,179.5,6878385.6,931.0,315133.0,,,307.0,281.0,203.0,52.0,26.0,county
2010,,,TX,Medina County,9030.0,19.32,502955.02,96.0,30295.0,,,24.0,23.0,20.0,1.0,2.0,county
2010,,,TX,Milam County,5015.0,28.47,830719.5,160.0,44752.0,,,17.0,17.0,16.0,1.0,0.0,county
2010,,,TX,Nacogdoches County,21935.0,40.879999999999995,1366324.1400000001,292.0,78007.0,,,121.0,113.0,86.0,19.0,8.0,county
2010,,,TX,Rusk County,3455.0,25.06,831277.1900000001,96.0,31080.0,,,10.0,10.0,8.0,1.0,1.0,county
2010,,,TX,State of Texas,16049239.0,32804.0,1134786377.0,160873.0,56904885.0,,,20338.0,13059.0,1602.0,10263.0,1194.0,state
2010,,,TX,Tom Green County,15403.0,89.94,2523167.09,449.0,156210.0,,,87.0,76.0,56.0,6.0,14.0,county
2010,,,TX,Travis County,915571.0,885.0,39278809.0,3040.0,864859.0,,,1390.0,1354.0,1183.0,105.0,66.0,county
2010,,,TX,WISE COUNTY,24607.0,39.41,1532931.79,328.0,69677.0,,,97.0,96.0,73.0,17.0,6.0,county
2010,,,UT,Box Elder County,5113.0,44.16,1483346.12,164.0,49438.0,,,27.0,26.0,18.0,3.0,5.0,county
2010,,,UT,County of Tooele,7377.0,31.8,1475961.56,153.0,55845.0,,,34.0,33.0,24.0,5.0,4.0,county
2010,,,UT,County of Washington,50721.0,81.99,3926727.7199999997,615.0,224322.0,,,294.0,278.0,194.0,70.0,14.0,county
2010,,,UT,County of Weber,38516.0,201.0,8326795.0,1188.0,372886.0,,,194.0,188.0,104.0,63.0,21.0,county
2010,,,UT,Davis County,86877.0,126.0,7735040.0,920.0,266450.0,,,302.0,302.0,210.0,59.0,33.0,county
2010,,,UT,Salt Lake County,759613.0,508.0,27831637.0,2128.0,757098.0,,,2002.0,1785.0,1150.0,396.0,239.0,county
2010,,,UT,State of Utah,705924.0,1317.0,55742480.0,6901.0,2372221.0,,,498.0,479.0,110.0,309.0,60.0,state
2010,,,UT,Utah County Government,249455.0,179.0,8417219.39,1208.0,225538.0,,,855.0,795.0,304.0,419.0,72.0,county
2010,,,VA,Arlington County,234362.0,196.0,17257927.0,719.0,203355.0,,,363.0,339.0,142.0,85.0,112.0,county
2010,,,VA,CITY OF WINCHESTER,79844.0,54.49,2617170.69,345.0,71491.0,,,136.0,119.0,77.0,37.0,5.0,county
2010,,,VA,COUNTY OF CLARKE,6943.0,6.53,313514.29,41.0,8564.0,,,13.0,13.0,13.0,0.0,0.0,county
2010,,,VA,COUNTY OF FAUQUIER,3746.0,19.37,930329.12,123.0,25413.0,,,9.0,9.0,5.0,2.0,2.0,county
2010,,,VA,COUNTY OF FREDERICK,54760.0,62.24,2989331.63,394.0,81657.0,,,78.0,74.0,47.0,20.0,7.0,county
2010,,,VA,COUNTY OF SPOTSYLVANIA,7260.0,71.0,2288422.49,330.0,100238.0,,,36.0,29.0,4.0,16.0,9.0,county
2010,,,VA,COUNTY OF STAFFORD,17543.0,105.0,3400179.75,490.0,161930.0,,,52.0,39.0,5.0,23.0,11.0,county
2010,,,VA,Chesterfield County,177756.0,270.07,12803458.26,873.0,318330.0,,,208.0,204.0,68.0,128.0,8.0,county
2010,,,VA,City Of Danville,2286.0,53.5,1844698.8599999999,213.0,76367.0,,,14.0,10.0,8.0,1.0,1.0,county
2010,,,VA,City of Alexandria,155604.0,133.09,10027232.38,340.0,159473.0,,,276.0,238.0,62.0,99.0,77.0,county
2010,,,VA,City of Charlottesville,19953.0,53.85,2471571.56,291.0,99319.0,,,53.0,48.0,39.0,3.0,6.0,county
2010,,,VA,City of Chesapeake,31412.0,312.0,14326389.37,543.0,417748.0,,,70.0,63.0,45.0,11.0,7.0,county
2010,,,VA,City of Fredericksburg,5287.0,61.0,1993840.1099999999,288.0,91608.0,,,24.0,20.0,6.0,9.0,5.0,county
2010,,,VA,City of Manassas,154616.0,23.55,1574541.2000000002,77.0,27523.0,,,112.0,108.0,10.0,90.0,8.0,county
2010,,,VA,City of Martinsville,1376.0,39.16,1336364.0,134.0,48862.0,,,9.0,8.0,8.0,0.0,0.0,county
2010,,,VA,City of Newport News,23154.0,195.89000000000001,7295597.76,596.0,217480.0,,,61.0,56.0,47.0,2.0,7.0,county
2010,,,VA,City of Norfolk,76764.0,404.58000000000004,16213600.23,1677.0,584977.0,,,257.0,238.0,160.0,43.0,35.0,county
2010,,,VA,City of Poquoson,601.0,2.2800000000000002,84721.61,12.0,4250.0,,,6.0,3.0,2.0,1.0,0.0,county
2010,,,VA,City of RIchmond,37688.0,437.45,17826309.67,1629.0,594281.0,,,95.0,90.0,59.0,21.0,10.0,county
2010,,,VA,City of Roanoke,14439.0,161.95000000000002,6933449.85,834.0,262070.0,,,73.0,65.0,48.0,9.0,8.0,county
2010,,,VA,City of Suffolk,5489.0,92.55,2534623.86,337.0,122926.0,,,20.0,14.0,13.0,0.0,1.0,county
2010,,,VA,City of Virginia Beach,137253.0,375.5,16318604.83,1416.0,516525.0,,,469.0,382.0,256.0,53.0,73.0,county
2010,,,VA,Commonwealth of Virginia,1586477.0,7544.0,251864768.0,34543.0,12332072.0,,,1337.0,1335.0,406.0,655.0,274.0,county
2010,,,VA,County of Albemarle,35373.0,40.46,1849371.51,218.0,74328.0,,,101.0,92.0,78.0,8.0,6.0,county
2010,,,VA,County of Amelia,4153.0,12.79,417770.83,101.0,13066.0,,,10.0,5.0,4.0,0.0,1.0,county
2010,,,VA,County of Buckingham,166.0,11.4,372429.56,90.0,11648.0,,,1.0,1.0,1.0,0.0,0.0,county
2010,,,VA,County of Fairfax,603472.0,309.62,25085743.63,1309.0,477785.0,,,986.0,744.0,378.0,190.0,176.0,county
2010,,,VA,County of Henry,12474.0,39.17,1518354.5,204.0,74249.0,,,33.0,32.0,21.0,8.0,3.0,county
2010,,,VA,County of Lunenburg,9217.0,14.47,472572.06,114.0,14780.0,,,14.0,13.0,12.0,1.0,0.0,county
2010,,,VA,County of Nelson,2510.0,6.69,307162.05,36.0,12343.0,,,5.0,5.0,5.0,0.0,0.0,county
2010,,,VA,County of Nottoway,2211.0,15.200000000000001,496935.18,120.0,26016.0,,,14.0,14.0,14.0,0.0,0.0,county
2010,,,VA,County of Pittsylvania,5976.0,34.12,1234146.07,135.0,48973.0,,,9.0,9.0,7.0,2.0,0.0,county
2010,,,VA,County of Prince William,563548.0,246.63,16180420.5,807.0,294519.0,,,774.0,709.0,74.0,470.0,165.0,county
2010,,,VA,Cumberland County,521.0,6.62,216461.69,52.0,6770.0,,,1.0,1.0,1.0,0.0,0.0,county
2010,,,VA,Henrico County,34130.0,324.0,11773559.0,1359.0,432966.0,,,102.0,100.0,50.0,39.0,11.0,county
2010,,,VA,Isle of Wight County,219.0,23.3,638020.6,85.0,30942.0,,,1.0,1.0,0.0,1.0,0.0,county
2010,,,VA,James City County,9007.0,28.38,1055514.36,146.0,53000.0,,,52.0,48.0,34.0,9.0,5.0,county
2010,,,VA,Loudoun County,174802.0,83.25,6179828.53,220.0,77929.0,,,602.0,539.0,276.0,145.0,118.0,county
2010,,,VA,Prince Edward County,121.0,41.28,1348942.82,325.0,42189.0,,,6.0,5.0,2.0,1.0,2.0,county
2010,,,VA,Rockingham County,79095.0,79.0,2531728.0,340.0,115065.0,,,241.0,234.0,46.0,148.0,40.0,county
2010,,,VA,Shenandoah County,10562.0,27.0,1155333.0,104.0,35910.0,,,25.0,24.0,6.0,15.0,3.0,county
2010,,,VA,Williamsburg City,7109.0,14.8,550690.4400000001,76.0,27647.0,,,38.0,37.0,26.0,8.0,3.0,county
2010,,,VA,York County,13160.0,33.08,1230508.3,170.0,61790.0,,,41.0,39.0,25.0,7.0,7.0,county
2010,,,VA,culpeper county,9562.0,32.0,1538418.0,100.0,30618.0,,,18.0,18.0,12.0,6.0,0.0,county
2010,,,VI,Virgin Islands,365483.0,183.0,11309757.0,867.0,160869.0,,,173.0,145.0,24.0,62.0,59.0,county
2010,,,VT,Vermont Department of Corrections,27240.0,495.0,23432384.0,1614.0,556346.0,,,44.0,39.0,4.0,9.0,26.0,state
2010,,,WA,Adams County,20678.0,6.0,207314.0,28.0,10303.0,,,71.0,71.0,35.0,31.0,5.0,county
2010,,,WA,City of Wenatchee,32540.0,76.0,4051030.0,383.0,131011.0,,,149.0,139.0,80.0,39.0,20.0,county
2010,,,WA,City of Yakima,22630.0,14.0,801654.22,79.0,25631.0,,,143.0,130.0,74.0,38.0,18.0,county
2010,,,WA,Clark County,53882.0,160.0,7436930.0,768.0,268664.0,,,207.0,182.0,65.0,72.0,45.0,county
2010,,,WA,County of Benton,71384.0,125.18,6932757.15,866.0,316035.0,,,421.0,353.0,235.0,74.0,44.0,county
2010,,,WA,County of Chelan,40325.0,76.0,4051030.0,383.0,131011.0,,,190.0,177.0,117.0,40.0,20.0,county
2010,,,WA,County of Douglas,32310.0,76.0,4051030.0,383.0,131011.0,,,123.0,119.0,70.0,45.0,4.0,county
2010,,,WA,County of Franklin,98462.0,33.0,1951729.1600000001,5142.0,73886.0,,,525.0,463.0,102.0,280.0,81.0,county
2010,,,WA,County of Grant,45688.0,39.0,1847311.0,284.0,84114.0,,,152.0,144.0,65.0,72.0,7.0,county
2010,,,WA,County of Kitsap,14399.0,87.0,5603119.0,479.0,151225.0,,,61.0,61.0,29.0,25.0,7.0,county
2010,,,WA,County of Klickitat,5629.0,11.82,510139.75,49.0,17155.0,,,20.0,16.0,9.0,2.0,5.0,county
2010,,,WA,County of Mason,25620.0,28.560000000000002,1613993.8399999999,126.0,42705.0,,,48.0,44.0,16.0,25.0,3.0,county
2010,,,WA,County of Okanogan,27429.0,24.0,1102313.1,183.0,58071.5,,,133.0,130.0,31.0,98.0,1.0,county
2010,,,WA,County of Pierce,348836.0,328.1,26901710.0,1350.0,472383.0,,,801.0,794.0,436.0,176.0,182.0,county
2010,,,WA,County of Skamania,5329.0,9.89,491751.10000000003,47.0,9601.0,,,11.0,11.0,8.0,1.0,2.0,county
2010,,,WA,County of Thurston,89923.0,87.74,5930766.93,408.0,142337.0,,,175.0,151.0,85.0,41.0,25.0,county
2010,,,WA,County of Whitman,631.0,12.700000000000001,463531.34,44.0,12352.0,,,14.0,10.0,0.0,4.0,6.0,county
2010,,,WA,County of Yakima,168524.0,226.0,9905465.07,1192.0,385926.0,,,680.0,521.0,171.0,306.0,44.0,county
2010,,,WA,Grays Harbor County,17779.0,23.02,1279259.08,176.0,52743.0,,,50.0,50.0,25.0,23.0,2.0,county
2010,,,WA,King County,1003050.0,604.0,40671289.0,3303.0,889026.0,,,3246.0,2102.0,973.0,520.0,609.0,county
2010,,,WA,Kittitas County,12179.0,18.53,817792.97,125.0,45625.0,,,83.0,69.0,24.0,32.0,13.0,county
2010,,,WA,Pend Oreille County,380.0,9.66,449055.55,33.0,11988.0,,,1.0,1.0,1.0,0.0,0.0,county
2010,,,WA,Skagit County,19938.0,45.0,2591837.5700000003,180.0,96981.0,,,65.0,58.0,2.0,29.0,27.0,county
2010,,,WA,Snohomish County,108350.0,289.0,16936719.2,1308.0,437895.0,,,344.0,274.0,122.0,93.0,59.0,county
2010,,,WA,Spokane County,18561.0,265.46,14668235.03,1385.0,462979.0,,,78.0,67.0,41.0,9.0,17.0,county
2010,,,WA,State of Washington,1975513.0,3904.0,187127632.0,16049.0,6531310.0,,,7120.0,1263.0,86.0,946.0,231.0,state
2010,,,WA,Walla Walla County,18832.0,20.81,955456.02,115.0,36173.0,,,71.0,62.0,33.0,20.0,9.0,county
2010,,,WI,"Barron County, Wisconsin",5386.0,28.93,1223825.7,192.0,45831.0,,,24.0,23.0,9.0,1.0,13.0,county
2010,,,WI,County of Brown,94012.0,98.5,4983602.67,507.0,171824.0,,,255.0,255.0,133.0,72.0,50.0,county
2010,,,WI,County of Calumet,9726.0,15.51,632835.6900000001,54.0,14791.0,,,23.0,20.0,16.0,2.0,2.0,county
2010,,,WI,County of Columbia,11731.0,41.49,1986764.8,365.0,76216.0,,,36.0,32.0,19.0,8.0,5.0,county
2010,,,WI,County of Dane,161572.0,227.85,11736761.67,949.0,307815.0,,,305.0,262.0,140.0,76.0,46.0,county
2010,,,WI,County of Door,1859.0,24.16,1142105.16,143.0,39255.0,,,18.0,13.0,3.0,6.0,4.0,county
2010,,,WI,County of Fond du Lac,6615.0,57.79,2851850.44,350.0,127714.0,,,40.0,39.0,29.0,9.0,1.0,county
2010,,,WI,County of Grant,1103.0,14.27,488113.51,55.0,18785.0,,,7.0,6.0,3.0,1.0,2.0,county
2010,,,WI,County of Jefferson,25467.0,36.629999999999995,1977662.99,214.0,71688.0,,,73.0,67.0,31.0,28.0,8.0,county
2010,,,WI,County of Kenosha,45631.0,172.48,8741371.19,849.0,309885.0,,,119.0,101.0,49.0,38.0,14.0,county
2010,,,WI,County of La Crosse,13207.0,64.7,3142597.0,211.0,70415.0,,,57.0,37.0,20.0,4.0,13.0,county
2010,,,WI,County of Lafayette,4580.0,12.75,613046.14,27.0,6631.0,,,5.0,3.0,2.0,1.0,0.0,county
2010,,,WI,County of Manitowoc,22819.0,50.97,2620572.63,215.0,66518.0,,,109.0,65.0,38.0,12.0,15.0,county
2010,,,WI,County of Milwaukee,131250.0,863.0,44537782.83,3335.0,1019137.0,,,247.0,247.0,155.0,59.0,33.0,county
2010,,,WI,County of Monroe,7371.0,19.17,785567.0,121.0,44001.0,,,37.0,27.0,20.0,5.0,2.0,county
2010,,,WI,County of Outagamie,32043.0,67.64,3836973.0300000003,548.0,148637.0,,,122.0,99.0,46.0,26.0,27.0,county
2010,,,WI,County of Richland,8632.0,12.79,572004.09,48.0,10220.0,,,9.0,8.0,5.0,3.0,0.0,county
2010,,,WI,County of Rock,36492.0,103.7,5169189.27,592.0,216030.0,,,152.0,133.0,98.0,22.0,13.0,county
2010,,,WI,County of Sauk,14447.0,62.45,2818516.51,463.0,103295.0,,,71.0,62.0,29.0,28.0,5.0,county
2010,,,WI,County of Sheboygan,42300.0,65.56,3021256.94,203.0,61120.0,,,109.0,94.0,55.0,23.0,16.0,county
2010,,,WI,County of Taylor,2174.0,21.0,978612.74,92.0,22854.0,,,5.0,4.0,4.0,0.0,0.0,county
2010,,,WI,County of Walworth,26528.0,93.68,4551158.07,512.0,138795.0,,,45.0,42.0,24.0,13.0,5.0,county
2010,,,WI,County of Waukesha,59093.0,115.81,5891821.34,469.0,157328.0,,,137.0,126.0,56.0,44.0,26.0,county
2010,,,WI,County of Waushara,4668.0,19.67,837405.0,117.0,40177.0,,,27.0,25.0,14.0,6.0,5.0,county
2010,,,WI,County of Wood,405.0,29.18,1012993.85,180.0,65626.0,,,3.0,3.0,2.0,0.0,1.0,county
2010,,,WI,Dunn County,1444.0,25.52,1207806.43,156.0,43027.0,,,17.0,17.0,7.0,3.0,7.0,county
2010,,,WI,Eau Claire County,10367.0,42.480000000000004,2251407.0,326.0,92557.0,,,42.0,37.0,29.0,2.0,6.0,county
2010,,,WI,Green County,1528.0,15.37,640490.46,68.0,20643.0,,,10.0,9.0,7.0,1.0,1.0,county
2010,,,WI,Langlade County,1987.0,16.95,732553.61,119.0,42168.0,,,6.0,4.0,3.0,1.0,0.0,county
2010,,,WI,Marathon County Government,16939.0,44.83,2044081.13,298.0,45707.0,,,38.0,36.0,21.0,4.0,11.0,county
2010,,,WI,Ozaukee County,8534.0,45.85,2611416.51,261.0,82662.0,,,38.0,33.0,18.0,5.0,10.0,county
2010,,,WI,Portage County,16910.0,33.02,1526340.53,79.0,26279.0,,,33.0,27.0,17.0,5.0,5.0,county
2010,,,WI,Racine County,45793.0,110.53,6900293.12,911.0,290569.0,,,210.0,177.0,126.0,24.0,27.0,county
2010,,,WI,Shawano County,3675.0,29.900000000000002,1284884.75,155.0,47354.0,,,19.0,18.0,15.0,2.0,1.0,county
2010,,,WI,State of Wisconsin,1625460.0,4975.0,273174641.09,22616.0,8492953.0,,,938.0,919.0,647.0,175.0,97.0,state
2010,,,WI,Trempealeau County,28120.0,24.0,799690.0,59.0,21209.0,,,28.0,27.0,7.0,18.0,2.0,county
2010,,,WI,WASHINGTON COUNTY,22427.0,74.74,4244514.62,311.0,81250.0,,,24.0,21.0,10.0,6.0,5.0,county
2010,,,WI,Waupaca County,4736.0,47.76,2358952.92,321.0,107019.0,,,11.0,11.0,7.0,3.0,1.0,county
2010,,,WI,Winnebago County,12287.0,66.57000000000001,3410358.37,355.0,118811.0,,,70.0,51.0,32.0,8.0,11.0,county
2010,,,WV,Berkeley County Commission,2046.0,27.490000000000002,932510.72,155.0,56307.0,,,10.0,8.0,5.0,0.0,3.0,county
2010,,,WY,Laramie County,5176.0,91.0,4030725.51,324.0,68190.0,,,3.0,3.0,2.0,1.0,0.0,county
2010,,,WY,State of Wyoming,92026.0,452.0,15341622.0,1613.0,683136.0,,,70.0,70.0,38.0,24.0,8.0,state
